Test_Id,Query_Id,Query_Name,Query_Text,Query_Answer,Correct_Answer_Expected,Plan_Used,Result_Status,Start_Datetime,End_Datetime,Elapsed_Time,Plan_Step_Count,Tool_Name,Retry_Count,Error_Message,Final_State,Api_Call_Type,LLM_Provider,Step_Details,Nodes_Called,Nodes_Compact,Node_Count,Nodes_Exe_Path
1,1,Test 1 - information,What is the chemical formula for water?,H2O,H2O,"[""Step 0: Use DuckDuckGo to search for the chemical formula for water.""]",success,2025-11-28 21:38:38,2025-11-28 21:38:46,8.026,1,duckduckgo_search_with_markdown,0,,"{""final_answer"": ""H2O"", ""nodes_executed"": 1, ""steps_completed"": 1}",tool_execution,Google API,"[{""node_id"": ""0"", ""description"": ""Use DuckDuckGo to search for the chemical formula for water."", ""variant"": ""0A"", ""result_preview"": ""Found 3 search results:\n1. Water | H2O | CID 962 - PubChem\n   URL: https://pubchem.ncbi.nlm.nih.gov/""}]","[""0""]",0:A,1,0
2,2,Test 2 - information,Who wrote the novel '1984'?,Nineteen Eighty,George Orwell,"[""Step 0: Use DuckDuckGo to search for the author of the novel '1984'.""]",success,2025-11-28 21:38:48,2025-11-28 21:38:59,10.568,1,duckduckgo_search_with_markdown,0,,"{""final_answer"": ""Nineteen Eighty"", ""nodes_executed"": 1, ""steps_completed"": 1}",tool_execution,Google API,"[{""node_id"": ""0"", ""description"": ""Use DuckDuckGo to search for the author of the novel '1984'."", ""variant"": ""0A"", ""result_preview"": ""Found 1 search results:\n1. Nineteen Eighty-Four - Wikipedia\n   URL: https://en.wikipedia.org/wiki/Ni""}]","[""0""]",0:A,1,0
3,3,Test 3 - information,What is the capital of Japan?,"ThecapitalofJapanisTokyo, but the legal status of thecapitalarea is not explicitly defined",Tokyo,[],success,2025-11-28 21:39:01,2025-11-28 21:39:12,10.763,0,agent_loop,0,,{},,,,[],,0,
4,4,Test 4 - information,What is the speed of light?,Speed of light,299792458,[],success,2025-11-28 21:39:14,2025-11-28 21:39:25,11.089,0,agent_loop,0,,{},,,,[],,0,
5,5,Test 5 - information,What is the capital of Australia?,Canberra,Canberra,[],success,2025-11-28 21:39:27,2025-11-28 21:39:37,10.359,0,agent_loop,0,,{},,,,[],,0,
6,6,Test 6 - information,Who invented the telephone?,Alexander Graham Bell,Alexander Graham Bell,[],success,2025-11-28 21:39:39,2025-11-28 21:39:52,12.688,0,agent_loop,0,,{},,,,[],,0,
7,7,Test 7 - information,What is the largest planet in our solar system?,Jupiter Facts,Jupiter,"[""Step 0: Use DuckDuckGo to search for the largest planet in our solar system.""]",success,2025-11-28 21:39:54,2025-11-28 21:40:05,11.532,1,duckduckgo_search_with_markdown,0,,"{""final_answer"": ""Jupiter Facts"", ""nodes_executed"": 1, ""steps_completed"": 1}",tool_execution,Google API,"[{""node_id"": ""0"", ""description"": ""Use DuckDuckGo to search for the largest planet in our solar system."", ""variant"": ""0A"", ""result_preview"": ""Found 3 search results:\n1. Jupiter Facts - Science@NASA\n   URL: https://science.nasa.gov/jupiter/jup""}]","[""0""]",0:A,1,0
8,8,Test 8 - information,What year did World War II end?,WW2,1945,"[""Step 0: Use DuckDuckGo to search for the end year of World War II.""]",success,2025-11-28 21:40:07,2025-11-28 21:40:20,13.034,1,duckduckgo_search_with_markdown,0,,"{""final_answer"": ""WW2"", ""nodes_executed"": 1, ""steps_completed"": 1}",tool_execution,Google API,"[{""node_id"": ""0"", ""description"": ""Use DuckDuckGo to search for the end year of World War II."", ""variant"": ""0A"", ""result_preview"": ""Found 1 search results:\n1. How & When Did WW2 Officially End? | HistoryExtra\n   URL: https://www.his""}]","[""0""]",0:A,1,0
9,9,Test 9 - information,What is the smallest country in the world?,3,Vatican City,"[""Step 0: Use DuckDuckGo to search for the smallest country in the world.""]",success,2025-11-28 21:40:22,2025-11-28 21:40:39,16.544,1,duckduckgo_search_with_markdown,0,,"{""final_answer"": ""3"", ""nodes_executed"": 1, ""steps_completed"": 1}",tool_execution,Google API,"[{""node_id"": ""0"", ""description"": ""Use DuckDuckGo to search for the smallest country in the world."", ""variant"": ""0A"", ""result_preview"": ""Found 3 search results:\n1. The Smallest Countries In The World - WorldAtlas\n   URL: https://www.worl""}]","[""0""]",0:A,1,0
10,10,Test 10 - information,How many chambers does a human heart have?,3,4,"[""Step 0: Use DuckDuckGo to search for the number of chambers in a human heart.""]",success,2025-11-28 21:40:41,2025-11-28 21:40:58,17.575,1,duckduckgo_search_with_markdown,0,,"{""final_answer"": ""3"", ""nodes_executed"": 1, ""steps_completed"": 1}",tool_execution,Google API,"[{""node_id"": ""0"", ""description"": ""Use DuckDuckGo to search for the number of chambers in a human heart."", ""variant"": ""0A"", ""result_preview"": ""Found 3 search results:\n1. Chambers of the Heart - Cleveland Clinic\n   URL: https://my.clevelandclin""}]","[""0""]",0:A,1,0
11,11,Test 11 - information,What is the largest organ in the human body?,"Learn about the sixlargestorgansinthehumanbody, from skin to intestine, and their functions and facts",Skin,"[""Step 0: Use DuckDuckGo to search for the largest organ in the human body.""]",success,2025-11-28 21:41:00,2025-11-28 21:41:20,20.025,1,duckduckgo_search_with_markdown,0,,"{""final_answer"": ""Learn about the sixlargestorgansinthehumanbody, from skin to intestine, and their functions and facts"", ""nodes_executed"": 1, ""steps_completed"": 1}",tool_execution,Google API,"[{""node_id"": ""0"", ""description"": ""Use DuckDuckGo to search for the largest organ in the human body."", ""variant"": ""0A"", ""result_preview"": ""Found 3 search results:\n1. 6 Largest Human Organs: The Amazing Anatomy of Our Body\n   URL: https://l""}]","[""0""]",0:A,1,0
12,12,Test 12 - information,What gas do plants absorb from the atmosphere?,Discover howplantsexchange gases and ensure their breathing process is efficient with this guide toplantrespiration andgasexchange,Carbon dioxide,"[""Step 0: Use DuckDuckGo to search for the gas plants absorb from the atmosphere.""]",success,2025-11-28 21:41:22,2025-11-28 21:41:44,21.257,1,duckduckgo_search_with_markdown,0,,"{""final_answer"": ""Discover howplantsexchange gases and ensure their breathing process is efficient with this guide toplantrespiration andgasexchange"", ""nodes_executed"": 1, ""steps_completed"": 1}",tool_execution,Google API,"[{""node_id"": ""0"", ""description"": ""Use DuckDuckGo to search for the gas plants absorb from the atmosphere."", ""variant"": ""0A"", ""result_preview"": ""Found 3 search results:\n1. How Plants Breathe and Exchange Gases | RHS Advice\n   URL: https://www.rh""}]","[""0""]",0:A,1,0
13,13,Test 13 - information,What is the national animal of India?,National symbols of India,Tiger,"[""Step 0: Use DuckDuckGo to search for the national animal of India.""]",success,2025-11-28 21:41:46,2025-11-28 21:42:09,23.361,1,duckduckgo_search_with_markdown,0,,"{""final_answer"": ""National symbols of India"", ""nodes_executed"": 1, ""steps_completed"": 1}",tool_execution,Google API,"[{""node_id"": ""0"", ""description"": ""Use DuckDuckGo to search for the national animal of India."", ""variant"": ""0A"", ""result_preview"": ""Found 3 search results:\n1. National symbols of India - Wikipedia\n   URL: https://en.wikipedia.org/wi""}]","[""0""]",0:A,1,0
14,14,Test 14 - information,Who painted the Mona Lisa?,"MonaLisa, oil painting on a poplar wood panel by Leonardo da Vinci, probably the world's most famous painting",Leonardo da Vinci,"[""Step 0: Use DuckDuckGo to search for who painted the Mona Lisa.""]",success,2025-11-28 21:42:11,2025-11-28 21:42:37,25.552,1,duckduckgo_search_with_markdown,0,,"{""final_answer"": ""MonaLisa, oil painting on a poplar wood panel by Leonardo da Vinci, probably the world's most famous painting"", ""nodes_executed"": 1, ""steps_completed"": 1}",tool_execution,Google API,"[{""node_id"": ""0"", ""description"": ""Use DuckDuckGo to search for who painted the Mona Lisa."", ""variant"": ""0A"", ""result_preview"": ""Found 3 search results:\n1. Mona Lisa | Painting, Painter, History, Meaning, & Facts | Britannica\n   ""}]","[""0""]",0:A,1,0
15,15,Test 15 - information,What is the capital of France?,Paris,Paris,"[""Step 0: Search DuckDuckGo for the capital of France.""]",success,2025-11-28 21:42:39,2025-11-28 21:43:07,28.099,1,duckduckgo_search_with_markdown,0,,"{""final_answer"": ""Paris"", ""nodes_executed"": 1, ""steps_completed"": 1}",tool_execution,Google API,"[{""node_id"": ""0"", ""description"": ""Search DuckDuckGo for the capital of France."", ""variant"": ""0A"", ""result_preview"": ""Found 3 search results:\n1. Paris - Wikipedia\n   URL: https://en.wikipedia.org/wiki/Paris\n   Summary:""}]","[""0""]",0:A,1,0
16,16,Test 16 - information,What is the capital of Germany?,Paris,Berlin,[],success,2025-11-28 21:43:09,2025-11-28 21:43:35,26.554,0,memory_search,0,,"{""final_answer"": ""Paris"", ""nodes_executed"": 0, ""steps_completed"": 0, ""source"": ""memory""}",memory_retrieval,Google API,[],[],,0,
17,17,Test 17 - information,What is the capital of Italy?,Paris,Rome,[],success,2025-11-28 21:43:37,2025-11-28 21:44:04,26.784,0,memory_search,0,,"{""final_answer"": ""Paris"", ""nodes_executed"": 0, ""steps_completed"": 0, ""source"": ""memory""}",memory_retrieval,Google API,[],[],,0,
18,18,Test 18 - information,What is the capital of Spain?,Paris,Madrid,[],success,2025-11-28 21:44:06,2025-11-28 21:44:33,26.431,0,memory_search,0,,"{""final_answer"": ""Paris"", ""nodes_executed"": 0, ""steps_completed"": 0, ""source"": ""memory""}",memory_retrieval,Google API,[],[],,0,
19,19,Test 19 - information,What is the capital of Brazil?,Paris,Brasilia,[],success,2025-11-28 21:44:35,2025-11-28 21:45:07,32.302,0,agent_loop,0,,{},,,,[],,0,
20,20,Test 20 - information,What is the capital of Canada?,Paris,Ottawa,[],success,2025-11-28 21:45:09,2025-11-28 21:45:38,28.757,0,memory_search,0,,"{""final_answer"": ""Paris"", ""nodes_executed"": 0, ""steps_completed"": 0, ""source"": ""memory""}",memory_retrieval,Google API,[],[],,0,
21,21,Test 21 - information (DUPLICATE),What is the chemical formula for water?,H2O,H2O,[],success,2025-11-28 21:45:40,2025-11-28 21:46:06,26.601,0,memory_search,0,,"{""final_answer"": ""H2O"", ""nodes_executed"": 0, ""steps_completed"": 0, ""source"": ""memory""}",memory_retrieval,Google API,[],[],,0,
22,22,Test 22 - information,What is the capital of Mexico?,Paris,Mexico City,[],success,2025-11-28 21:46:08,2025-11-28 21:46:35,26.342,0,memory_search,0,,"{""final_answer"": ""Paris"", ""nodes_executed"": 0, ""steps_completed"": 0, ""source"": ""memory""}",memory_retrieval,Google API,[],[],,0,
23,23,Test 23 - information,What is the capital of Russia?,Paris,Moscow,[],success,2025-11-28 21:46:37,2025-11-28 21:47:03,26.600,0,memory_search,0,,"{""final_answer"": ""Paris"", ""nodes_executed"": 0, ""steps_completed"": 0, ""source"": ""memory""}",memory_retrieval,Google API,[],[],,0,
24,24,Test 24 - information,What is the capital of China?,Paris,Beijing,[],success,2025-11-28 21:47:05,2025-11-28 21:47:34,28.554,0,memory_search,0,,"{""final_answer"": ""Paris"", ""nodes_executed"": 0, ""steps_completed"": 0, ""source"": ""memory""}",memory_retrieval,Google API,[],[],,0,
25,25,Test 25 - information,What is the capital of India?,Paris,New Delhi,[],success,2025-11-28 21:47:36,2025-11-28 21:48:10,34.091,0,agent_loop,0,,{},,,,[],,0,
26,26,Test 26 - information,What is the capital of South Korea?,Paris,Seoul,[],success,2025-11-28 21:48:12,2025-11-28 21:48:44,32.317,0,agent_loop,0,,{},,,,[],,0,
27,27,Test 27 - information,What is the capital of Egypt?,Paris,Cairo,[],success,2025-11-28 21:48:46,2025-11-28 21:49:13,26.244,0,memory_search,0,,"{""final_answer"": ""Paris"", ""nodes_executed"": 0, ""steps_completed"": 0, ""source"": ""memory""}",memory_retrieval,Google API,[],[],,0,
28,28,Test 28 - information,What is the capital of South Africa?,Paris,Cape Town,"[""Step 0: Use DuckDuckGo to search for the capital of South Africa.""]",success,2025-11-28 21:49:15,2025-11-28 21:49:47,32.905,1,duckduckgo_search_with_markdown,0,,"{""final_answer"": ""Paris"", ""nodes_executed"": 1, ""steps_completed"": 1}",tool_execution,Google API,"[{""node_id"": ""0"", ""description"": ""Use DuckDuckGo to search for the capital of South Africa."", ""variant"": ""0A"", ""result_preview"": ""Found 3 search results:\n1. South Africa - Wikipedia\n   URL: https://en.wikipedia.org/wiki/South_Afri""}]","[""0""]",0:A,1,0
29,29,Test 29 - information,What is the capital of Argentina?,Paris,Buenos Aires,"[""Step 0: Use DuckDuckGo to search for the capital of Argentina.""]",success,2025-11-28 21:49:49,2025-11-28 21:50:26,36.205,1,duckduckgo_search_with_markdown,0,,"{""final_answer"": ""Paris"", ""nodes_executed"": 1, ""steps_completed"": 1}",tool_execution,Google API,"[{""node_id"": ""0"", ""description"": ""Use DuckDuckGo to search for the capital of Argentina."", ""variant"": ""0A"", ""result_preview"": ""Found 1 search results:\n1. Buenos Aires - Wikipedia\n   URL: https://en.wikipedia.org/wiki/Buenos_Air""}]","[""0""]",0:A,1,0
30,30,Test 30 - information,What is the capital of Chile?,Paris,Santiago,[],success,2025-11-28 21:50:28,2025-11-28 21:51:09,41.419,0,agent_loop,0,,{},,,,[],,0,
31,31,Test 31 - information,What is the capital of New Zealand?,Paris,Wellington,[],success,2025-11-28 21:51:11,2025-11-28 21:51:51,40.198,0,agent_loop,0,,{},,,,[],,0,
32,32,Test 32 - math,Calculate 144 divided by 12,12,12,[],success,2025-11-28 21:51:53,2025-11-28 21:52:25,31.988,0,agent_loop,0,,{},,,,[],,0,
33,33,Test 33 - math,Calculate 200 divided by 8,25,25,"[""Step 0: Divide 200 by 8.""]",success,2025-11-28 21:52:27,2025-11-28 21:52:59,32.026,1,divide,0,,"{""final_answer"": ""25"", ""nodes_executed"": 1, ""steps_completed"": 1}",tool_execution,Google API,"[{""node_id"": ""0"", ""description"": ""Divide 200 by 8."", ""variant"": ""0A"", ""result_preview"": ""25.0""}]","[""0""]",0:A,1,0
34,34,Test 34 - math,Calculate 10 * 5,50,50,"[""Step 0: Multiply 10 and 5.""]",success,2025-11-28 21:53:01,2025-11-28 21:53:06,4.622,1,multiply,0,,"{""final_answer"": ""50"", ""nodes_executed"": 1, ""steps_completed"": 1}",tool_execution,Google API,"[{""node_id"": ""0"", ""description"": ""Multiply 10 and 5."", ""variant"": ""0A"", ""result_preview"": ""50""}]","[""0""]",0:A,1,0
35,35,Test 35 - math,What is 81 divided by 9?,9,9,"[""Step 0: Divide 81 by 9.""]",success,2025-11-28 21:53:08,2025-11-28 21:53:42,34.022,1,divide,0,,"{""final_answer"": ""9"", ""nodes_executed"": 1, ""steps_completed"": 1}",tool_execution,Google API,"[{""node_id"": ""0"", ""description"": ""Divide 81 by 9."", ""variant"": ""0A"", ""result_preview"": ""9.0""}]","[""0""]",0:A,1,0
36,36,Test 36 - math,What is 5 to the power of 3?,125,125,"[""Step 0: Calculate 5 to the power of 3.""]",success,2025-11-28 21:53:44,2025-11-28 21:54:20,36.428,1,power,0,,"{""final_answer"": ""125"", ""nodes_executed"": 1, ""steps_completed"": 1}",tool_execution,Google API,"[{""node_id"": ""0"", ""description"": ""Calculate 5 to the power of 3."", ""variant"": ""0A"", ""result_preview"": ""125""}]","[""0""]",0:A,1,0
37,37,Test 37 - math,Find the factorial of 5,120,120,"[""Step 0: Decision model unavailable: server overload.""]",success,2025-11-28 21:54:22,2025-11-28 21:55:11,48.176,1,agent_loop,0,,"{""final_answer"": ""120"", ""nodes_executed"": 1, ""steps_completed"": 1}",llm_call,Google API,"[{""node_id"": ""0"", ""description"": ""Decision model unavailable: server overload."", ""variant"": ""0A"", ""result_preview"": ""120""}]","[""0""]",0:A,1,0
38,38,Test 38 - math,Calculate 25 multiplied by 4,25,100,[],success,2025-11-28 21:55:13,2025-11-28 21:55:52,39.118,0,memory_search,0,,"{""final_answer"": ""25"", ""nodes_executed"": 0, ""steps_completed"": 0, ""source"": ""memory""}",memory_retrieval,Google API,[],[],,0,
39,39,Test 39 - math,Calculate 100 divided by 4,25,25,[],success,2025-11-28 21:55:54,2025-11-28 21:56:33,38.899,0,memory_search,0,,"{""final_answer"": ""25"", ""nodes_executed"": 0, ""steps_completed"": 0, ""source"": ""memory""}",memory_retrieval,Google API,[],[],,0,
40,40,Test 40 - math,Calculate 15 * 6,90,90,"[""Step 0: Multiply 15 and 6.""]",success,2025-11-28 21:56:35,2025-11-28 21:56:39,4.470,1,multiply,0,,"{""final_answer"": ""90"", ""nodes_executed"": 1, ""steps_completed"": 1}",tool_execution,Google API,"[{""node_id"": ""0"", ""description"": ""Multiply 15 and 6."", ""variant"": ""0A"", ""result_preview"": ""90""}]","[""0""]",0:A,1,0
41,41,Test 41 - math,Calculate 72 divided by 8,25,9,[],success,2025-11-28 21:56:41,2025-11-28 21:57:20,38.911,0,memory_search,0,,"{""final_answer"": ""25"", ""nodes_executed"": 0, ""steps_completed"": 0, ""source"": ""memory""}",memory_retrieval,Google API,[],[],,0,
42,42,Test 42 - math (DUPLICATE),Calculate 144 divided by 12,25,12,[],success,2025-11-28 21:57:22,2025-11-28 21:58:01,38.654,0,memory_search,0,,"{""final_answer"": ""25"", ""nodes_executed"": 0, ""steps_completed"": 0, ""source"": ""memory""}",memory_retrieval,Google API,[],[],,0,
43,43,Test 43 - math,What is 3 to the power of 4?,125,81,[],success,2025-11-28 21:58:03,2025-11-28 21:58:42,38.908,0,memory_search,0,,"{""final_answer"": ""125"", ""nodes_executed"": 0, ""steps_completed"": 0, ""source"": ""memory""}",memory_retrieval,Google API,[],[],,0,
44,44,Test 44 - math,Find the factorial of 6,120,720,[],success,2025-11-28 21:58:44,2025-11-28 21:59:23,39.185,0,memory_search,0,,"{""final_answer"": ""120"", ""nodes_executed"": 0, ""steps_completed"": 0, ""source"": ""memory""}",memory_retrieval,Google API,[],[],,0,
45,45,Test 45 - math,Calculate 50 * 2,100,100,"[""Step 0: Multiply 50 and 2.""]",success,2025-11-28 21:59:25,2025-11-28 21:59:30,4.857,1,multiply,0,,"{""final_answer"": ""100"", ""nodes_executed"": 1, ""steps_completed"": 1}",tool_execution,Google API,"[{""node_id"": ""0"", ""description"": ""Multiply 50 and 2."", ""variant"": ""0A"", ""result_preview"": ""100""}]","[""0""]",0:A,1,0
46,46,Test 46 - math,Calculate 120 divided by 10,25,12,[],success,2025-11-28 21:59:32,2025-11-28 22:00:11,38.919,0,memory_search,0,,"{""final_answer"": ""25"", ""nodes_executed"": 0, ""steps_completed"": 0, ""source"": ""memory""}",memory_retrieval,Google API,[],[],,0,
47,47,Test 47 - math,Calculate 7 * 8,56,56,"[""Step 0: Multiply 7 and 8.""]",success,2025-11-28 22:00:13,2025-11-28 22:00:18,5.023,1,multiply,0,,"{""final_answer"": ""56"", ""nodes_executed"": 1, ""steps_completed"": 1}",tool_execution,Google API,"[{""node_id"": ""0"", ""description"": ""Multiply 7 and 8."", ""variant"": ""0A"", ""result_preview"": ""56""}]","[""0""]",0:A,1,0
48,48,Test 48 - math,Calculate 64 divided by 8,25,8,[],success,2025-11-28 22:00:20,2025-11-28 22:00:59,38.992,0,memory_search,0,,"{""final_answer"": ""25"", ""nodes_executed"": 0, ""steps_completed"": 0, ""source"": ""memory""}",memory_retrieval,Google API,[],[],,0,
49,49,Test 49 - math,What is 2 to the power of 8?,125,256,[],success,2025-11-28 22:01:01,2025-11-28 22:01:40,39.383,0,memory_search,0,,"{""final_answer"": ""125"", ""nodes_executed"": 0, ""steps_completed"": 0, ""source"": ""memory""}",memory_retrieval,Google API,[],[],,0,
50,50,Test 50 - math,Find the factorial of 4,120,24,[],success,2025-11-28 22:01:42,2025-11-28 22:02:22,39.448,0,memory_search,0,,"{""final_answer"": ""120"", ""nodes_executed"": 0, ""steps_completed"": 0, ""source"": ""memory""}",memory_retrieval,Google API,[],[],,0,
51,51,Test 51 - math,Calculate 30 * 3,90,90,"[""Step 0: Multiply 30 and 3.""]",success,2025-11-28 22:02:24,2025-11-28 22:02:28,4.557,1,multiply,0,,"{""final_answer"": ""90"", ""nodes_executed"": 1, ""steps_completed"": 1}",tool_execution,Google API,"[{""node_id"": ""0"", ""description"": ""Multiply 30 and 3."", ""variant"": ""0A"", ""result_preview"": ""90""}]","[""0""]",0:A,1,0
52,52,Test 52 - math,Calculate 90 divided by 9,10,10,[],success,2025-11-28 22:02:30,2025-11-28 22:03:12,42.269,0,agent_loop,0,,{},,,,[],,0,
53,53,Test 53 - math,Calculate 12 * 7,84,84,"[""Step 0: Multiply 12 by 7 using the multiplication tool.""]",success,2025-11-28 22:03:14,2025-11-28 22:03:19,4.348,1,multiply,0,,"{""final_answer"": ""84"", ""nodes_executed"": 1, ""steps_completed"": 1}",tool_execution,Google API,"[{""node_id"": ""0"", ""description"": ""Multiply 12 by 7 using the multiplication tool."", ""variant"": ""0A"", ""result_preview"": ""84""}]","[""0""]",0:A,1,0
54,54,Test 54 - math,Calculate 56 divided by 7,25,8,[],success,2025-11-28 22:03:21,2025-11-28 22:04:00,39.057,0,memory_search,0,,"{""final_answer"": ""25"", ""nodes_executed"": 0, ""steps_completed"": 0, ""source"": ""memory""}",memory_retrieval,Google API,[],[],,0,
55,55,Test 55 - math,What is 4 to the power of 3?,125,64,[],success,2025-11-28 22:04:02,2025-11-28 22:04:41,38.822,0,memory_search,0,,"{""final_answer"": ""125"", ""nodes_executed"": 0, ""steps_completed"": 0, ""source"": ""memory""}",memory_retrieval,Google API,[],[],,0,
56,56,Test 56 - math,Find the factorial of 7,120,5040,[],success,2025-11-28 22:04:43,2025-11-28 22:05:25,42.468,0,agent_loop,0,,{},,,,[],,0,
57,57,Test 57 - math,Calculate 40 * 2,80,80,"[""Step 0: Multiply 40 by 2.""]",success,2025-11-28 22:05:27,2025-11-28 22:05:32,4.980,1,multiply,0,,"{""final_answer"": ""80"", ""nodes_executed"": 1, ""steps_completed"": 1}",tool_execution,Google API,"[{""node_id"": ""0"", ""description"": ""Multiply 40 by 2."", ""variant"": ""0A"", ""result_preview"": ""80""}]","[""0""]",0:A,1,0
58,58,Test 58 - math,Calculate 108 divided by 9,12,12,[],success,2025-11-28 22:05:34,2025-11-28 22:06:18,43.304,0,agent_loop,0,,{},,,,[],,0,
59,59,Test 59 - math,Calculate 9 * 9,81,81,"[""Step 0: Multiply 9 by 9.""]",success,2025-11-28 22:06:20,2025-11-28 22:06:25,4.976,1,multiply,0,,"{""final_answer"": ""81"", ""nodes_executed"": 1, ""steps_completed"": 1}",tool_execution,Google API,"[{""node_id"": ""0"", ""description"": ""Multiply 9 by 9."", ""variant"": ""0A"", ""result_preview"": ""81""}]","[""0""]",0:A,1,0
60,60,Test 60 - math,Calculate 84 divided by 7,25,12,[],success,2025-11-28 22:06:27,2025-11-28 22:07:05,38.779,0,memory_search,0,,"{""final_answer"": ""25"", ""nodes_executed"": 0, ""steps_completed"": 0, ""source"": ""memory""}",memory_retrieval,Google API,[],[],,0,
61,61,Test 61 - math,What is 6 to the power of 2?,125,36,[],success,2025-11-28 22:07:07,2025-11-28 22:07:48,40.204,0,memory_search,0,,"{""final_answer"": ""125"", ""nodes_executed"": 0, ""steps_completed"": 0, ""source"": ""memory""}",memory_retrieval,Google API,[],[],,0,
62,62,Test 62 - math,Find the factorial of 8,120,40320,"[""Step 0: Calculate the factorial of 8 using the available tool.""]",success,2025-11-28 22:07:50,2025-11-28 22:08:37,47.159,1,factorial,0,,"{""final_answer"": ""120"", ""nodes_executed"": 1, ""steps_completed"": 1}",tool_execution,Google API,"[{""node_id"": ""0"", ""description"": ""Calculate the factorial of 8 using the available tool."", ""variant"": ""0A"", ""result_preview"": ""40320""}]","[""0""]",0:A,1,0
63,63,Test 63 - data_analysis (DUPLICATE),"Calculate the average of numbers: 5, 10, 15, 20, 25",15,15,[],success,2025-11-28 22:08:39,2025-11-28 22:09:32,53.315,0,agent_loop,0,,{},,,,[],,0,
64,64,Test 64 - data_analysis,"Calculate the average of numbers: 5, 10, 15, 20, 25",15,15,"[""Step 0: Calculate the sum of the numbers 5, 10, 15, 20, and 25."", ""Step 1: Divide the sum by 5 to find the average."", ""Step 2: Conclude the result.""]",success,2025-11-28 22:09:34,2025-11-28 22:10:27,53.325,3,divide,0,,"{""final_answer"": ""15"", ""nodes_executed"": 3, ""steps_completed"": 3}",tool_execution,Google API,"[{""node_id"": ""0"", ""description"": ""Calculate the sum of the numbers 5, 10, 15, 20, and 25."", ""variant"": ""0A"", ""result_preview"": ""75""}, {""node_id"": ""1"", ""description"": ""Divide the sum by 5 to find the average."", ""variant"": ""1A"", ""result_preview"": ""6""}, {""node_id"": ""2"", ""description"": ""Conclude the result."", ""variant"": ""2A"", ""result_preview"": ""15.0""}]","[""0"", ""1"", ""2""]","0:A, 1:A, 2:A",3,0->1->2
65,65,Test 65 - data_analysis,"Calculate the average of numbers: 10, 20, 30, 40, 50",15,30,[],success,2025-11-28 22:10:29,2025-11-28 22:11:32,62.294,0,agent_loop,0,,{},,,,[],,0,
66,66,Test 66 - data_analysis,"Calculate the average of numbers: 100, 200, 300, 400, 500",15,300,[],success,2025-11-28 22:11:34,2025-11-28 22:12:19,45.645,0,memory_search,0,,"{""final_answer"": ""15"", ""nodes_executed"": 0, ""steps_completed"": 0, ""source"": ""memory""}",memory_retrieval,Google API,[],[],,0,
67,67,Test 67 - data_analysis,"Calculate the average of numbers: 15, 25, 35, 45, 55",15,35,[],success,2025-11-28 22:12:21,2025-11-28 22:13:31,69.302,0,agent_loop,0,,{},,,,[],,0,
68,68,Test 68 - data_analysis,"Calculate the average of numbers: 20, 40, 60, 80, 100",15,60,[],success,2025-11-28 22:13:33,2025-11-28 22:14:22,49.326,0,memory_search,0,,"{""final_answer"": ""15"", ""nodes_executed"": 0, ""steps_completed"": 0, ""source"": ""memory""}",memory_retrieval,Google API,[],[],,0,
69,69,Test 69 - data_analysis,"Calculate the average of numbers: 12, 24, 36, 48, 60",15,36,[],success,2025-11-28 22:14:24,2025-11-28 22:15:21,57.358,0,memory_search,0,,"{""final_answer"": ""15"", ""nodes_executed"": 0, ""steps_completed"": 0, ""source"": ""memory""}",memory_retrieval,Google API,[],[],,0,
70,70,Test 70 - data_analysis,"Calculate the average of numbers: 7, 14, 21, 28, 35",15,21,[],success,2025-11-28 22:15:23,2025-11-28 22:16:23,59.980,0,memory_search,0,,"{""final_answer"": ""15"", ""nodes_executed"": 0, ""steps_completed"": 0, ""source"": ""memory""}",memory_retrieval,Google API,[],[],,0,
71,71,Test 71 - data_analysis,"Calculate the average of numbers: 50, 100, 150, 200, 250",15,150,[],success,2025-11-28 22:16:25,2025-11-28 22:17:35,69.278,0,agent_loop,0,,{},,,,[],,0,
72,72,Test 72 - data_analysis,"Calculate the average of numbers: 8, 16, 24, 32, 40",15,24,"[""Step 0: Calculate the sum of the numbers 8, 16, 24, 32, and 40."", ""Step 1: Divide the sum by 5 to calculate the average."", ""Step 2: Conclude with the average.""]",success,2025-11-28 22:17:37,2025-11-28 22:18:41,64.739,3,divide,0,,"{""final_answer"": ""15"", ""nodes_executed"": 3, ""steps_completed"": 3}",tool_execution,Google API,"[{""node_id"": ""0"", ""description"": ""Calculate the sum of the numbers 8, 16, 24, 32, and 40."", ""variant"": ""0A"", ""result_preview"": ""120""}, {""node_id"": ""1"", ""description"": ""Divide the sum by 5 to calculate the average."", ""variant"": ""1A"", ""result_preview"": ""6""}, {""node_id"": ""2"", ""description"": ""Conclude with the average."", ""variant"": ""2A"", ""result_preview"": ""2.0""}]","[""0"", ""1"", ""2""]","0:A, 1:A, 2:A",3,0->1->2
73,73,Test 73 - data_analysis,"Calculate the average of numbers: 11, 22, 33, 44, 55",15,33,[],success,2025-11-28 22:18:43,2025-11-28 22:19:31,47.386,0,memory_search,0,,"{""final_answer"": ""15"", ""nodes_executed"": 0, ""steps_completed"": 0, ""source"": ""memory""}",memory_retrieval,Google API,[],[],,0,
74,74,Test 74 - data_analysis,"Calculate the average of numbers: 6, 12, 18, 24, 30",15,18,[],success,2025-11-28 22:19:33,2025-11-28 22:20:20,47.357,0,memory_search,0,,"{""final_answer"": ""15"", ""nodes_executed"": 0, ""steps_completed"": 0, ""source"": ""memory""}",memory_retrieval,Google API,[],[],,0,
75,75,Test 75 - data_analysis,"Calculate the average of numbers: 9, 18, 27, 36, 45",15,27,[],success,2025-11-28 22:20:22,2025-11-28 22:21:24,61.877,0,memory_search,0,,"{""final_answer"": ""15"", ""nodes_executed"": 0, ""steps_completed"": 0, ""source"": ""memory""}",memory_retrieval,Google API,[],[],,0,
76,76,Test 76 - data_analysis,"Calculate the average of numbers: 13, 26, 39, 52, 65",15,39,[],success,2025-11-28 22:21:26,2025-11-28 22:22:22,55.809,0,memory_search,0,,"{""final_answer"": ""15"", ""nodes_executed"": 0, ""steps_completed"": 0, ""source"": ""memory""}",memory_retrieval,Google API,[],[],,0,
77,77,Test 77 - data_analysis,"Calculate the average of numbers: 14, 28, 42, 56, 70",15,42,[],success,2025-11-28 22:22:24,2025-11-28 22:23:23,58.905,0,memory_search,0,,"{""final_answer"": ""15"", ""nodes_executed"": 0, ""steps_completed"": 0, ""source"": ""memory""}",memory_retrieval,Google API,[],[],,0,
78,78,Test 78 - data_analysis,"Calculate the average of numbers: 16, 32, 48, 64, 80",15,48,[],success,2025-11-28 22:23:25,2025-11-28 22:24:19,54.243,0,memory_search,0,,"{""final_answer"": ""15"", ""nodes_executed"": 0, ""steps_completed"": 0, ""source"": ""memory""}",memory_retrieval,Google API,[],[],,0,
79,79,Test 79 - data_analysis,"Calculate the average of numbers: 17, 34, 51, 68, 85",15,51,[],success,2025-11-28 22:24:21,2025-11-28 22:25:20,58.520,0,memory_search,0,,"{""final_answer"": ""15"", ""nodes_executed"": 0, ""steps_completed"": 0, ""source"": ""memory""}",memory_retrieval,Google API,[],[],,0,
80,80,Test 80 - data_analysis,"Calculate the average of numbers: 19, 38, 57, 76, 95",15,57,[],success,2025-11-28 22:25:22,2025-11-28 22:26:19,57.090,0,memory_search,0,,"{""final_answer"": ""15"", ""nodes_executed"": 0, ""steps_completed"": 0, ""source"": ""memory""}",memory_retrieval,Google API,[],[],,0,
81,81,Test 81 - data_analysis,"Calculate the average of numbers: 21, 42, 63, 84, 105",15,63,[],success,2025-11-28 22:26:21,2025-11-28 22:27:17,56.552,0,memory_search,0,,"{""final_answer"": ""15"", ""nodes_executed"": 0, ""steps_completed"": 0, ""source"": ""memory""}",memory_retrieval,Google API,[],[],,0,
82,82,Test 82 - data_analysis,"Calculate the average of numbers: 23, 46, 69, 92, 115",15,69,[],success,2025-11-28 22:27:19,2025-11-28 22:28:15,55.658,0,memory_search,0,,"{""final_answer"": ""15"", ""nodes_executed"": 0, ""steps_completed"": 0, ""source"": ""memory""}",memory_retrieval,Google API,[],[],,0,
83,83,Test 83 - data_analysis,"Calculate the average of numbers: 25, 50, 75, 100, 125",15,75,[],success,2025-11-28 22:28:17,2025-11-28 22:29:05,47.933,0,memory_search,0,,"{""final_answer"": ""15"", ""nodes_executed"": 0, ""steps_completed"": 0, ""source"": ""memory""}",memory_retrieval,Google API,[],[],,0,
84,84,Test 84 - complex (DUPLICATE),"Find the factorial of 5 and calculate the sum of all prime numbers from 1 to 20, then find the greatest common divisor of 48 and 18",6,"120, 77, 6",[],success,2025-11-28 22:29:07,2025-11-28 22:30:11,63.769,0,agent_loop,0,,{},,,,[],,0,
85,85,Test 85 - complex,"Find the factorial of 5 and calculate the sum of all prime numbers from 1 to 20, then find the greatest common divisor of 48 and 18",120,"120, 77, 6",[],success,2025-11-28 22:30:13,2025-11-28 22:31:05,51.950,0,agent_loop,0,,{},,,,[],,0,
86,86,Test 86 - complex,"Calculate the average of numbers: 100, 200, 300, 400, 500, then find the square root of that average, and finally multiply it by 10",251.66666666666666,173.205,"[""Step 0: Calculate the average of the numbers 100, 200, 300, 400, and 500."", ""Step 1: Calculate the square root of the average calculated in the previous step."", ""Step 2: Multiply the result from step 1 by 10."", ""Step 3: Conclude with the final result.""]",success,2025-11-28 22:31:07,2025-11-28 22:32:09,62.259,4,multiply,0,,"{""final_answer"": ""251.66666666666666"", ""nodes_executed"": 4, ""steps_completed"": 4}",tool_execution,Google API,"[{""node_id"": ""0"", ""description"": ""Calculate the average of the numbers 100, 200, 300, 400, and 500."", ""variant"": ""0A"", ""result_preview"": ""300.0""}, {""node_id"": ""1"", ""description"": ""Calculate the square root of the average calculated in the previous step."", ""variant"": ""1A"", ""result_preview"": ""1.0""}, {""node_id"": ""2"", ""description"": ""Multiply the result from step 1 by 10."", ""variant"": ""2A"", ""result_preview"": ""2""}, {""node_id"": ""3"", ""description"": ""Conclude with the final result."", ""variant"": ""3A"", ""result_preview"": ""20000""}]","[""0"", ""1"", ""2"", ""3""]","0:A, 1:A, 2:A, 3:A",4,0->1->2->3
87,87,Test 87 - complex,"Calculate 15 * 4, then divide the result by 3, and finally add 20",60,40,"[""Step 0: Multiply 15 by 4."", ""Step 1: Divide the result from the previous step by 3."", ""Step 2: Add 20 to the result from the previous step."", ""Step 3: Conclude with the final result.""]",success,2025-11-28 22:32:11,2025-11-28 22:32:17,5.855,4,multiply,0,,"{""final_answer"": ""60"", ""nodes_executed"": 1, ""steps_completed"": 1}",tool_execution,Google API,"[{""node_id"": ""0"", ""description"": ""Multiply 15 by 4."", ""variant"": ""0A"", ""result_preview"": ""60""}]","[""0""]",0:A,1,0
88,88,Test 88 - complex,"Find the factorial of 6, then calculate 2 to the power of 5, and finally find the sum of both results",Calculate the factorial of 6.: 720. Calculate 2 to the power of 5.: 1. Add the results from steps 0 and 1.: 2.,752,"[""Step 0: Calculate the factorial of 6."", ""Step 1: Calculate 2 to the power of 5."", ""Step 2: Add the results from steps 0 and 1.""]",success,2025-11-28 22:32:19,2025-11-28 22:33:30,71.274,3,power,0,,"{""final_answer"": ""Calculate the factorial of 6.: 720. Calculate 2 to the power of 5.: 1. Add the results from steps 0 and 1.: 2."", ""nodes_executed"": 3, ""steps_completed"": 3}",tool_execution,Google API,"[{""node_id"": ""0"", ""description"": ""Calculate the factorial of 6."", ""variant"": ""0A"", ""result_preview"": ""720""}, {""node_id"": ""1"", ""description"": ""Calculate 2 to the power of 5."", ""variant"": ""1A"", ""result_preview"": ""1""}, {""node_id"": ""2"", ""description"": ""Add the results from steps 0 and 1."", ""variant"": ""2A"", ""result_preview"": ""2""}]","[""0"", ""1"", ""2""]","0:A, 1:A, 2:A",3,0->1->2
89,89,Test 89 - complex,"Calculate the average of 10, 20, 30, then multiply by 2, and finally subtract 5",20,35,[],success,2025-11-28 22:33:32,2025-11-28 22:34:28,56.141,0,agent_loop,0,,{},,,,[],,0,
90,90,Test 90 - complex,"Find the square root of 144, then multiply by 3, and finally add 10",12,46,[],success,2025-11-28 22:34:30,2025-11-28 22:35:20,49.972,0,agent_loop,0,,{},,,,[],,0,
91,91,Test 91 - complex,"Calculate 25 * 4, then divide by 5, and finally find the square root",100,4.472,"[""Step 0: Multiply 25 by 4."", ""Step 1: Divide the result from Step 0 by 5."", ""Step 2: Calculate the square root of the result from Step 1."", ""Step 3: Conclude with the final result.""]",success,2025-11-28 22:35:22,2025-11-28 22:35:28,5.735,4,multiply,0,,"{""final_answer"": ""100"", ""nodes_executed"": 1, ""steps_completed"": 1}",tool_execution,Google API,"[{""node_id"": ""0"", ""description"": ""Multiply 25 by 4."", ""variant"": ""0A"", ""result_preview"": ""100""}]","[""0""]",0:A,1,0
