Test_Id,Query_Id,Query_Name,Query_Text,Query_Answer,Plan_Used,Result_Status,Start_Datetime,End_Datetime,Elapsed_Time,Plan_Step_Count,Tool_Name,Retry_Count,Error_Message,Final_State
1,1,Test 1 - information,What is the chemical formula for water?,The chemical formula for water is H2O.,[],success,2025-11-21 18:44:58,2025-11-21 18:45:12,13.966,0,,0,,"{""original_goal_achieved"": true, ""final_answer"": ""The chemical formula for water is H2O."", ""confidence"": ""1.0"", ""reasoning_note"": ""The chemical formula for water is a well-known fact. The answer is readily available and requires no external tools or complex reasoning. Given the repeated presence of the answer in memory, I can confidently provide the solution directly."", ""solution_summary"": ""The chemical formula for water is H2O.""}"
2,3,Test 2 - information,Who wrote the novel '1984'?,The author of the novel 'Nineteen Eighty-Four' is George Orwell.,[],success,2025-11-21 18:45:16,2025-11-21 18:45:29,13.289,0,,0,,"{""original_goal_achieved"": true, ""final_answer"": ""The author of the novel 'Nineteen Eighty-Four' is George Orwell."", ""confidence"": ""1.0"", ""reasoning_note"": ""The query is a simple question about the author of a well-known novel. This information is likely readily available and doesn't require complex reasoning or tool use. The information is present in memory."", ""solution_summary"": ""The author of the novel 'Nineteen Eighty-Four' is George Orwell.""}"
3,4,Test 3 - computation,Calculate 200 divided by 8,200 divided by 8 is 25.,[],success,2025-11-21 18:45:33,2025-11-21 18:45:46,13.003,0,,0,,"{""original_goal_achieved"": true, ""final_answer"": ""200 divided by 8 is 25."", ""confidence"": ""1.0"", ""reasoning_note"": ""The user is asking for a simple calculation. This can be done directly without the need for any tools."", ""solution_summary"": ""200 divided by 8 is 25.""}"
4,8,Test 4 - mathematical,Calculate 144 / 12,144 divided by 12 is 12.,[],success,2025-11-21 18:50:04,2025-11-21 18:50:16,11.911,0,,0,,"{""original_goal_achieved"": true, ""final_answer"": ""144 divided by 12 is 12."", ""confidence"": ""1.0"", ""reasoning_note"": ""The user is asking to perform a simple calculation. This can be done directly without using any tools."", ""solution_summary"": ""144 divided by 12 is 12.""}"
5,9,Test 5 - data_analysis,"Calculate the average of numbers: 5, 10, 15, 20, 25","The average of the numbers 5, 10, 15, 20, and 25 is 15.",[],success,2025-11-21 18:50:20,2025-11-21 18:50:32,12.141,0,,0,,"{""original_goal_achieved"": true, ""final_answer"": ""The average of the numbers 5, 10, 15, 20, and 25 is 15."", ""confidence"": ""1.0"", ""reasoning_note"": ""The user is asking to calculate the average of a list of numbers. This can be done directly without using any tools. The average is (5+10+15+20+25)/5 = 75/5 = 15."", ""solution_summary"": ""The average of the numbers 5, 10, 15, 20, and 25 is 15.""}"
6,10,Test 6 - information,What is the capital of Japan?,The capital of Japan is Tokyo.,[],success,2025-11-21 18:50:36,2025-11-21 18:50:47,11.600,0,,0,,"{""original_goal_achieved"": true, ""final_answer"": ""The capital of Japan is Tokyo."", ""confidence"": ""1.0"", ""reasoning_note"": ""The question is a straightforward request for the capital of Japan. This information is readily available and doesn't require external tools. Based on prior memories, the answer is likely Tokyo."", ""solution_summary"": ""The capital of Japan is Tokyo.""}"
7,11,Test 7 - mathematical,Calculate 10 * 5,The product of 10 and 5 is 50.,[],success,2025-11-21 18:50:52,2025-11-21 18:51:06,14.403,0,,0,,"{""original_goal_achieved"": true, ""final_answer"": ""The product of 10 and 5 is 50."", ""confidence"": ""1.0"", ""reasoning_note"": ""The user wants to calculate the product of 10 and 5. This is a simple arithmetic calculation that can be done directly. The answer is 50."", ""solution_summary"": ""The product of 10 and 5 is 50.""}"
8,12,Test 8 - data_analysis,"Calculate the average of numbers: 100, 200, 300, 400, 500","The average of the numbers 100, 200, 300, 400, and 500 is 300.",[],success,2025-11-21 18:51:10,2025-11-21 18:51:22,11.818,0,,0,,"{""original_goal_achieved"": true, ""final_answer"": ""The average of the numbers 100, 200, 300, 400, and 500 is 300."", ""confidence"": ""1.0"", ""reasoning_note"": ""The query is a straightforward calculation of the average of a list of numbers. This can be directly answered without the need for external tools. I have seen similar queries in my memory and can provide a direct answer."", ""solution_summary"": ""The average of the numbers 100, 200, 300, 400, and 500 is 300.""}"
9,13,Test 9 - mathematical,What is 81 divided by 9?,81 divided by 9 is 9.,[],success,2025-11-21 18:51:26,2025-11-21 18:51:38,12.555,0,,0,,"{""original_goal_achieved"": true, ""final_answer"": ""81 divided by 9 is 9."", ""confidence"": ""1.0"", ""reasoning_note"": ""The query is a simple arithmetic calculation that can be directly answered. The result is obvious and complete."", ""solution_summary"": ""81 divided by 9 is 9.""}"
10,14,Test 10 - data_analysis,Calculate the percentage: 15 out of 60,15 is 25% of 60.,[],success,2025-11-21 18:51:42,2025-11-21 18:51:54,11.363,0,,0,,"{""original_goal_achieved"": true, ""final_answer"": ""15 is 25% of 60."", ""confidence"": ""1.0"", ""reasoning_note"": ""The query is a simple percentage calculation that can be directly computed. It asks to find what percentage 15 is of 60, which is a straightforward arithmetic operation."", ""solution_summary"": ""15 is 25% of 60.""}"
11,15,Test 11 - data_analysis,Calculate the percentage: 45 out of 90,45 is 50% of 90.,[],success,2025-11-21 18:52:09,2025-11-21 18:52:20,11.404,0,,0,,"{""original_goal_achieved"": true, ""final_answer"": ""45 is 50% of 90."", ""confidence"": ""1.0"", ""reasoning_note"": ""The user is asking for a simple percentage calculation, which can be directly computed without external tools. 45 out of 90 is 50%."", ""solution_summary"": ""45 is 50% of 90.""}"
12,16,Test 12 - mathematical,What is 5 to the power of 3?,5 to the power of 3 is 125.,[],success,2025-11-21 18:52:24,2025-11-21 18:52:36,11.440,0,,0,,"{""original_goal_achieved"": true, ""final_answer"": ""5 to the power of 3 is 125."", ""confidence"": ""1.0"", ""reasoning_note"": ""The user is asking for a simple calculation (5 to the power of 3). This can be directly computed without external tools. Also, the answer to this question is available in memory."", ""solution_summary"": ""5 to the power of 3 is 125.""}"
13,17,Test 13 - information,Who invented the telephone?,,[],error,2025-11-21 18:52:40,2025-11-21 18:53:01,21.165,0,,0,[Errno 11001] getaddrinfo failed,"{""error"": ""[Errno 11001] getaddrinfo failed"", ""traceback"": ""Traceback (most recent call last):\n  File \""C:\\Users\\rajuh\\AppData\\Local\\Packages\\PythonSoftwareFoundation.Python.3.13_qbz5n2kfra8p0\\LocalCache\\local-packages\\Python313\\site-packages\\httpx\\_transports\\default.py\"", line 101, in map_httpcore_exceptions\n    yield\n  File \""C:\\Users\\rajuh\\AppData\\Local\\Packages\\PythonSoftwareFoundation.Python.3.13_qbz5n2kfra8p0\\LocalCache\\local-packages\\Python313\\site-packages\\httpx\\_transports\\default.py\"", line 250, in handle_request\n    resp = self._pool.handle_request(req)\n  File \""C:\\Users\\rajuh\\AppData\\Local\\Packages\\PythonSoftwareFoundation.Python.3.13_qbz5n2kfra8p0\\LocalCache\\local-packages\\Python313\\site-packages\\httpcore\\_sync\\connection_pool.py\"", line 256, in handle_request\n    raise exc from None\n  File \""C:\\Users\\rajuh\\AppData\\Local\\Packages\\PythonSoftwareFoundation.Python.3.13_qbz5n2kfra8p0\\LocalCache\\local-packages\\Python313\\site-packages\\httpcore\\_sync\\connection_pool.py\"", line 236, in handle_request\n    response = connection.handle_request(\n        pool_request.request\n    )\n  File \""C:\\Users\\rajuh\\AppData\\Local\\Packages\\PythonSoftwareFoundation.Python.3.13_qbz5n2kfra8p0\\LocalCache\\local-packages\\Python313\\site-packages\\httpcore\\_sync\\connection.py\"", line 101, in handle_request\n    raise exc\n  File \""C:\\Users\\rajuh\\AppData\\Local\\Packages\\PythonSoftwareFoundation.Python.3.13_qbz5n2kfra8p0\\LocalCache\\local-packages\\Python313\\site-packages\\httpcore\\_sync\\connection.py\"", line 78, in handle_request\n    stream = self._connect(request)\n  File \""C:\\Users\\rajuh\\AppData\\Local\\Packages\\PythonSoftwareFoundation.Python.3.13_qbz5n2kfra8p0\\LocalCache\\local-packages\\Python313\\site-packages\\httpcore\\_sync\\connection.py\"", line 124, in _connect\n    stream = self._network_backend.connect_tcp(**kwargs)\n  File \""C:\\Users\\rajuh\\AppData\\Local\\Packages\\PythonSoftwareFoundation.Python.3.13_qbz5n2kfra8p0\\LocalCache\\local-packages\\Python313\\site-packages\\httpcore\\_backends\\sync.py\"", line 207, in connect_tcp\n    with map_exceptions(exc_map):\n         ~~~~~~~~~~~~~~^^^^^^^^^\n  File \""C:\\Program Files\\WindowsApps\\PythonSoftwareFoundation.Python.3.13_3.13.2544.0_x64__qbz5n2kfra8p0\\Lib\\contextlib.py\"", line 162, in __exit__\n    self.gen.throw(value)\n    ~~~~~~~~~~~~~~^^^^^^^\n  File \""C:\\Users\\rajuh\\AppData\\Local\\Packages\\PythonSoftwareFoundation.Python.3.13_qbz5n2kfra8p0\\LocalCache\\local-packages\\Python313\\site-packages\\httpcore\\_exceptions.py\"", line 14, in map_exceptions\n    raise to_exc(exc) from exc\nhttpcore.ConnectError: [Errno 11001] getaddrinfo failed\n\nThe above exception was the direct cause of the following exception:\n\nTraceback (most recent call last):\n  File \""C:\\A1_School_ai_25\\001_My_proj_AI\\Assign10_Multi-Agent\\Tests\\my_test_100.py\"", line 320, in run_single_test\n    session = await agent_loop.run(\n              ^^^^^^^^^^^^^^^^^^^^^\n    ...<3 lines>...\n    )\n    ^\n  File \""C:\\A1_School_ai_25\\001_My_proj_AI\\Assign10_Multi-Agent\\agent\\agent_loop2.py\"", line 56, in run\n    perception_result = self.run_perception(query, memory_results, memory_results)\n  File \""C:\\A1_School_ai_25\\001_My_proj_AI\\Assign10_Multi-Agent\\agent\\agent_loop2.py\"", line 261, in run_perception\n    perception_result = self.perception.run(perception_input)\n  File \""C:\\A1_School_ai_25\\001_My_proj_AI\\Assign10_Multi-Agent\\perception\\perception.py\"", line 53, in run\n    response = self.client.models.generate_content(\n        model=\""gemini-2.0-flash\"",\n        contents=full_prompt\n    )\n  File \""C:\\Users\\rajuh\\AppData\\Local\\Packages\\PythonSoftwareFoundation.Python.3.13_qbz5n2kfra8p0\\LocalCache\\local-packages\\Python313\\site-packages\\google\\genai\\models.py\"", line 6565, in generate_content\n    response = self._generate_content(\n        model=model, contents=contents, config=parsed_config\n    )\n  File \""C:\\Users\\rajuh\\AppData\\Local\\Packages\\PythonSoftwareFoundation.Python.3.13_qbz5n2kfra8p0\\LocalCache\\local-packages\\Python313\\site-packages\\google\\genai\\models.py\"", line 5377, in _generate_content\n    response = self._api_client.request(\n        'post', path, request_dict, http_options\n    )\n  File \""C:\\Users\\rajuh\\AppData\\Local\\Packages\\PythonSoftwareFoundation.Python.3.13_qbz5n2kfra8p0\\LocalCache\\local-packages\\Python313\\site-packages\\google\\genai\\_api_client.py\"", line 1290, in request\n    response = self._request(http_request, http_options, stream=False)\n  File \""C:\\Users\\rajuh\\AppData\\Local\\Packages\\PythonSoftwareFoundation.Python.3.13_qbz5n2kfra8p0\\LocalCache\\local-packages\\Python313\\site-packages\\google\\genai\\_api_client.py\"", line 1126, in _request\n    return self._retry(self._request_once, http_request, stream)  # type: ignore[no-any-return]\n           ~~~~~~~~~~~^^^^^^^^^^^^^^^^^^^^^^^^^^^^^^^^^^^^^^^^^^\n  File \""C:\\Users\\rajuh\\AppData\\Local\\Packages\\PythonSoftwareFoundation.Python.3.13_qbz5n2kfra8p0\\LocalCache\\local-packages\\Python313\\site-packages\\tenacity\\__init__.py\"", line 477, in __call__\n    do = self.iter(retry_state=retry_state)\n  File \""C:\\Users\\rajuh\\AppData\\Local\\Packages\\PythonSoftwareFoundation.Python.3.13_qbz5n2kfra8p0\\LocalCache\\local-packages\\Python313\\site-packages\\tenacity\\__init__.py\"", line 378, in iter\n    result = action(retry_state)\n  File \""C:\\Users\\rajuh\\AppData\\Local\\Packages\\PythonSoftwareFoundation.Python.3.13_qbz5n2kfra8p0\\LocalCache\\local-packages\\Python313\\site-packages\\tenacity\\__init__.py\"", line 420, in exc_check\n    raise retry_exc.reraise()\n          ~~~~~~~~~~~~~~~~~^^\n  File \""C:\\Users\\rajuh\\AppData\\Local\\Packages\\PythonSoftwareFoundation.Python.3.13_qbz5n2kfra8p0\\LocalCache\\local-packages\\Python313\\site-packages\\tenacity\\__init__.py\"", line 187, in reraise\n    raise self.last_attempt.result()\n          ~~~~~~~~~~~~~~~~~~~~~~~~^^\n  File \""C:\\Program Files\\WindowsApps\\PythonSoftwareFoundation.Python.3.13_3.13.2544.0_x64__qbz5n2kfra8p0\\Lib\\concurrent\\futures\\_base.py\"", line 449, in result\n    return self.__get_result()\n           ~~~~~~~~~~~~~~~~~^^\n  File \""C:\\Program Files\\WindowsApps\\PythonSoftwareFoundation.Python.3.13_3.13.2544.0_x64__qbz5n2kfra8p0\\Lib\\concurrent\\futures\\_base.py\"", line 401, in __get_result\n    raise self._exception\n  File \""C:\\Users\\rajuh\\AppData\\Local\\Packages\\PythonSoftwareFoundation.Python.3.13_qbz5n2kfra8p0\\LocalCache\\local-packages\\Python313\\site-packages\\tenacity\\__init__.py\"", line 480, in __call__\n    result = fn(*args, **kwargs)\n  File \""C:\\Users\\rajuh\\AppData\\Local\\Packages\\PythonSoftwareFoundation.Python.3.13_qbz5n2kfra8p0\\LocalCache\\local-packages\\Python313\\site-packages\\google\\genai\\_api_client.py\"", line 1096, in _request_once\n    response = self._httpx_client.request(\n        method=http_request.method,\n    ...<3 lines>...\n        timeout=http_request.timeout,\n    )\n  File \""C:\\Users\\rajuh\\AppData\\Local\\Packages\\PythonSoftwareFoundation.Python.3.13_qbz5n2kfra8p0\\LocalCache\\local-packages\\Python313\\site-packages\\httpx\\_client.py\"", line 825, in request\n    return self.send(request, auth=auth, follow_redirects=follow_redirects)\n           ~~~~~~~~~^^^^^^^^^^^^^^^^^^^^^^^^^^^^^^^^^^^^^^^^^^^^^^^^^^^^^^^\n  File \""C:\\Users\\rajuh\\AppData\\Local\\Packages\\PythonSoftwareFoundation.Python.3.13_qbz5n2kfra8p0\\LocalCache\\local-packages\\Python313\\site-packages\\httpx\\_client.py\"", line 914, in send\n    response = self._send_handling_auth(\n        request,\n    ...<2 lines>...\n        history=[],\n    )\n  File \""C:\\Users\\rajuh\\AppData\\Local\\Packages\\PythonSoftwareFoundation.Python.3.13_qbz5n2kfra8p0\\LocalCache\\local-packages\\Python313\\site-packages\\httpx\\_client.py\"", line 942, in _send_handling_auth\n    response = self._send_handling_redirects(\n        request,\n        follow_redirects=follow_redirects,\n        history=history,\n    )\n  File \""C:\\Users\\rajuh\\AppData\\Local\\Packages\\PythonSoftwareFoundation.Python.3.13_qbz5n2kfra8p0\\LocalCache\\local-packages\\Python313\\site-packages\\httpx\\_client.py\"", line 979, in _send_handling_redirects\n    response = self._send_single_request(request)\n  File \""C:\\Users\\rajuh\\AppData\\Local\\Packages\\PythonSoftwareFoundation.Python.3.13_qbz5n2kfra8p0\\LocalCache\\local-packages\\Python313\\site-packages\\httpx\\_client.py\"", line 1014, in _send_single_request\n    response = transport.handle_request(request)\n  File \""C:\\Users\\rajuh\\AppData\\Local\\Packages\\PythonSoftwareFoundation.Python.3.13_qbz5n2kfra8p0\\LocalCache\\local-packages\\Python313\\site-packages\\httpx\\_transports\\default.py\"", line 249, in handle_request\n    with map_httpcore_exceptions():\n         ~~~~~~~~~~~~~~~~~~~~~~~^^\n  File \""C:\\Program Files\\WindowsApps\\PythonSoftwareFoundation.Python.3.13_3.13.2544.0_x64__qbz5n2kfra8p0\\Lib\\contextlib.py\"", line 162, in __exit__\n    self.gen.throw(value)\n    ~~~~~~~~~~~~~~^^^^^^^\n  File \""C:\\Users\\rajuh\\AppData\\Local\\Packages\\PythonSoftwareFoundation.Python.3.13_qbz5n2kfra8p0\\LocalCache\\local-packages\\Python313\\site-packages\\httpx\\_transports\\default.py\"", line 118, in map_httpcore_exceptions\n    raise mapped_exc(message) from exc\nhttpx.ConnectError: [Errno 11001] getaddrinfo failed\n""}"
14,18,Test 14 - information,What is the capital of Australia?,,[],error,2025-11-21 18:53:05,2025-11-21 18:53:26,21.149,0,,0,[Errno 11001] getaddrinfo failed,"{""error"": ""[Errno 11001] getaddrinfo failed"", ""traceback"": ""Traceback (most recent call last):\n  File \""C:\\Users\\rajuh\\AppData\\Local\\Packages\\PythonSoftwareFoundation.Python.3.13_qbz5n2kfra8p0\\LocalCache\\local-packages\\Python313\\site-packages\\httpx\\_transports\\default.py\"", line 101, in map_httpcore_exceptions\n    yield\n  File \""C:\\Users\\rajuh\\AppData\\Local\\Packages\\PythonSoftwareFoundation.Python.3.13_qbz5n2kfra8p0\\LocalCache\\local-packages\\Python313\\site-packages\\httpx\\_transports\\default.py\"", line 250, in handle_request\n    resp = self._pool.handle_request(req)\n  File \""C:\\Users\\rajuh\\AppData\\Local\\Packages\\PythonSoftwareFoundation.Python.3.13_qbz5n2kfra8p0\\LocalCache\\local-packages\\Python313\\site-packages\\httpcore\\_sync\\connection_pool.py\"", line 256, in handle_request\n    raise exc from None\n  File \""C:\\Users\\rajuh\\AppData\\Local\\Packages\\PythonSoftwareFoundation.Python.3.13_qbz5n2kfra8p0\\LocalCache\\local-packages\\Python313\\site-packages\\httpcore\\_sync\\connection_pool.py\"", line 236, in handle_request\n    response = connection.handle_request(\n        pool_request.request\n    )\n  File \""C:\\Users\\rajuh\\AppData\\Local\\Packages\\PythonSoftwareFoundation.Python.3.13_qbz5n2kfra8p0\\LocalCache\\local-packages\\Python313\\site-packages\\httpcore\\_sync\\connection.py\"", line 101, in handle_request\n    raise exc\n  File \""C:\\Users\\rajuh\\AppData\\Local\\Packages\\PythonSoftwareFoundation.Python.3.13_qbz5n2kfra8p0\\LocalCache\\local-packages\\Python313\\site-packages\\httpcore\\_sync\\connection.py\"", line 78, in handle_request\n    stream = self._connect(request)\n  File \""C:\\Users\\rajuh\\AppData\\Local\\Packages\\PythonSoftwareFoundation.Python.3.13_qbz5n2kfra8p0\\LocalCache\\local-packages\\Python313\\site-packages\\httpcore\\_sync\\connection.py\"", line 124, in _connect\n    stream = self._network_backend.connect_tcp(**kwargs)\n  File \""C:\\Users\\rajuh\\AppData\\Local\\Packages\\PythonSoftwareFoundation.Python.3.13_qbz5n2kfra8p0\\LocalCache\\local-packages\\Python313\\site-packages\\httpcore\\_backends\\sync.py\"", line 207, in connect_tcp\n    with map_exceptions(exc_map):\n         ~~~~~~~~~~~~~~^^^^^^^^^\n  File \""C:\\Program Files\\WindowsApps\\PythonSoftwareFoundation.Python.3.13_3.13.2544.0_x64__qbz5n2kfra8p0\\Lib\\contextlib.py\"", line 162, in __exit__\n    self.gen.throw(value)\n    ~~~~~~~~~~~~~~^^^^^^^\n  File \""C:\\Users\\rajuh\\AppData\\Local\\Packages\\PythonSoftwareFoundation.Python.3.13_qbz5n2kfra8p0\\LocalCache\\local-packages\\Python313\\site-packages\\httpcore\\_exceptions.py\"", line 14, in map_exceptions\n    raise to_exc(exc) from exc\nhttpcore.ConnectError: [Errno 11001] getaddrinfo failed\n\nThe above exception was the direct cause of the following exception:\n\nTraceback (most recent call last):\n  File \""C:\\A1_School_ai_25\\001_My_proj_AI\\Assign10_Multi-Agent\\Tests\\my_test_100.py\"", line 320, in run_single_test\n    session = await agent_loop.run(\n              ^^^^^^^^^^^^^^^^^^^^^\n    ...<3 lines>...\n    )\n    ^\n  File \""C:\\A1_School_ai_25\\001_My_proj_AI\\Assign10_Multi-Agent\\agent\\agent_loop2.py\"", line 56, in run\n    perception_result = self.run_perception(query, memory_results, memory_results)\n  File \""C:\\A1_School_ai_25\\001_My_proj_AI\\Assign10_Multi-Agent\\agent\\agent_loop2.py\"", line 261, in run_perception\n    perception_result = self.perception.run(perception_input)\n  File \""C:\\A1_School_ai_25\\001_My_proj_AI\\Assign10_Multi-Agent\\perception\\perception.py\"", line 53, in run\n    response = self.client.models.generate_content(\n        model=\""gemini-2.0-flash\"",\n        contents=full_prompt\n    )\n  File \""C:\\Users\\rajuh\\AppData\\Local\\Packages\\PythonSoftwareFoundation.Python.3.13_qbz5n2kfra8p0\\LocalCache\\local-packages\\Python313\\site-packages\\google\\genai\\models.py\"", line 6565, in generate_content\n    response = self._generate_content(\n        model=model, contents=contents, config=parsed_config\n    )\n  File \""C:\\Users\\rajuh\\AppData\\Local\\Packages\\PythonSoftwareFoundation.Python.3.13_qbz5n2kfra8p0\\LocalCache\\local-packages\\Python313\\site-packages\\google\\genai\\models.py\"", line 5377, in _generate_content\n    response = self._api_client.request(\n        'post', path, request_dict, http_options\n    )\n  File \""C:\\Users\\rajuh\\AppData\\Local\\Packages\\PythonSoftwareFoundation.Python.3.13_qbz5n2kfra8p0\\LocalCache\\local-packages\\Python313\\site-packages\\google\\genai\\_api_client.py\"", line 1290, in request\n    response = self._request(http_request, http_options, stream=False)\n  File \""C:\\Users\\rajuh\\AppData\\Local\\Packages\\PythonSoftwareFoundation.Python.3.13_qbz5n2kfra8p0\\LocalCache\\local-packages\\Python313\\site-packages\\google\\genai\\_api_client.py\"", line 1126, in _request\n    return self._retry(self._request_once, http_request, stream)  # type: ignore[no-any-return]\n           ~~~~~~~~~~~^^^^^^^^^^^^^^^^^^^^^^^^^^^^^^^^^^^^^^^^^^\n  File \""C:\\Users\\rajuh\\AppData\\Local\\Packages\\PythonSoftwareFoundation.Python.3.13_qbz5n2kfra8p0\\LocalCache\\local-packages\\Python313\\site-packages\\tenacity\\__init__.py\"", line 477, in __call__\n    do = self.iter(retry_state=retry_state)\n  File \""C:\\Users\\rajuh\\AppData\\Local\\Packages\\PythonSoftwareFoundation.Python.3.13_qbz5n2kfra8p0\\LocalCache\\local-packages\\Python313\\site-packages\\tenacity\\__init__.py\"", line 378, in iter\n    result = action(retry_state)\n  File \""C:\\Users\\rajuh\\AppData\\Local\\Packages\\PythonSoftwareFoundation.Python.3.13_qbz5n2kfra8p0\\LocalCache\\local-packages\\Python313\\site-packages\\tenacity\\__init__.py\"", line 420, in exc_check\n    raise retry_exc.reraise()\n          ~~~~~~~~~~~~~~~~~^^\n  File \""C:\\Users\\rajuh\\AppData\\Local\\Packages\\PythonSoftwareFoundation.Python.3.13_qbz5n2kfra8p0\\LocalCache\\local-packages\\Python313\\site-packages\\tenacity\\__init__.py\"", line 187, in reraise\n    raise self.last_attempt.result()\n          ~~~~~~~~~~~~~~~~~~~~~~~~^^\n  File \""C:\\Program Files\\WindowsApps\\PythonSoftwareFoundation.Python.3.13_3.13.2544.0_x64__qbz5n2kfra8p0\\Lib\\concurrent\\futures\\_base.py\"", line 449, in result\n    return self.__get_result()\n           ~~~~~~~~~~~~~~~~~^^\n  File \""C:\\Program Files\\WindowsApps\\PythonSoftwareFoundation.Python.3.13_3.13.2544.0_x64__qbz5n2kfra8p0\\Lib\\concurrent\\futures\\_base.py\"", line 401, in __get_result\n    raise self._exception\n  File \""C:\\Users\\rajuh\\AppData\\Local\\Packages\\PythonSoftwareFoundation.Python.3.13_qbz5n2kfra8p0\\LocalCache\\local-packages\\Python313\\site-packages\\tenacity\\__init__.py\"", line 480, in __call__\n    result = fn(*args, **kwargs)\n  File \""C:\\Users\\rajuh\\AppData\\Local\\Packages\\PythonSoftwareFoundation.Python.3.13_qbz5n2kfra8p0\\LocalCache\\local-packages\\Python313\\site-packages\\google\\genai\\_api_client.py\"", line 1096, in _request_once\n    response = self._httpx_client.request(\n        method=http_request.method,\n    ...<3 lines>...\n        timeout=http_request.timeout,\n    )\n  File \""C:\\Users\\rajuh\\AppData\\Local\\Packages\\PythonSoftwareFoundation.Python.3.13_qbz5n2kfra8p0\\LocalCache\\local-packages\\Python313\\site-packages\\httpx\\_client.py\"", line 825, in request\n    return self.send(request, auth=auth, follow_redirects=follow_redirects)\n           ~~~~~~~~~^^^^^^^^^^^^^^^^^^^^^^^^^^^^^^^^^^^^^^^^^^^^^^^^^^^^^^^\n  File \""C:\\Users\\rajuh\\AppData\\Local\\Packages\\PythonSoftwareFoundation.Python.3.13_qbz5n2kfra8p0\\LocalCache\\local-packages\\Python313\\site-packages\\httpx\\_client.py\"", line 914, in send\n    response = self._send_handling_auth(\n        request,\n    ...<2 lines>...\n        history=[],\n    )\n  File \""C:\\Users\\rajuh\\AppData\\Local\\Packages\\PythonSoftwareFoundation.Python.3.13_qbz5n2kfra8p0\\LocalCache\\local-packages\\Python313\\site-packages\\httpx\\_client.py\"", line 942, in _send_handling_auth\n    response = self._send_handling_redirects(\n        request,\n        follow_redirects=follow_redirects,\n        history=history,\n    )\n  File \""C:\\Users\\rajuh\\AppData\\Local\\Packages\\PythonSoftwareFoundation.Python.3.13_qbz5n2kfra8p0\\LocalCache\\local-packages\\Python313\\site-packages\\httpx\\_client.py\"", line 979, in _send_handling_redirects\n    response = self._send_single_request(request)\n  File \""C:\\Users\\rajuh\\AppData\\Local\\Packages\\PythonSoftwareFoundation.Python.3.13_qbz5n2kfra8p0\\LocalCache\\local-packages\\Python313\\site-packages\\httpx\\_client.py\"", line 1014, in _send_single_request\n    response = transport.handle_request(request)\n  File \""C:\\Users\\rajuh\\AppData\\Local\\Packages\\PythonSoftwareFoundation.Python.3.13_qbz5n2kfra8p0\\LocalCache\\local-packages\\Python313\\site-packages\\httpx\\_transports\\default.py\"", line 249, in handle_request\n    with map_httpcore_exceptions():\n         ~~~~~~~~~~~~~~~~~~~~~~~^^\n  File \""C:\\Program Files\\WindowsApps\\PythonSoftwareFoundation.Python.3.13_3.13.2544.0_x64__qbz5n2kfra8p0\\Lib\\contextlib.py\"", line 162, in __exit__\n    self.gen.throw(value)\n    ~~~~~~~~~~~~~~^^^^^^^\n  File \""C:\\Users\\rajuh\\AppData\\Local\\Packages\\PythonSoftwareFoundation.Python.3.13_qbz5n2kfra8p0\\LocalCache\\local-packages\\Python313\\site-packages\\httpx\\_transports\\default.py\"", line 118, in map_httpcore_exceptions\n    raise mapped_exc(message) from exc\nhttpx.ConnectError: [Errno 11001] getaddrinfo failed\n""}"
15,19,Test 15 - data_analysis,What is the factorial of 7?,,[],error,2025-11-21 18:53:30,2025-11-21 18:53:40,9.892,0,,0,[Errno 11001] getaddrinfo failed,"{""error"": ""[Errno 11001] getaddrinfo failed"", ""traceback"": ""Traceback (most recent call last):\n  File \""C:\\Users\\rajuh\\AppData\\Local\\Packages\\PythonSoftwareFoundation.Python.3.13_qbz5n2kfra8p0\\LocalCache\\local-packages\\Python313\\site-packages\\httpx\\_transports\\default.py\"", line 101, in map_httpcore_exceptions\n    yield\n  File \""C:\\Users\\rajuh\\AppData\\Local\\Packages\\PythonSoftwareFoundation.Python.3.13_qbz5n2kfra8p0\\LocalCache\\local-packages\\Python313\\site-packages\\httpx\\_transports\\default.py\"", line 250, in handle_request\n    resp = self._pool.handle_request(req)\n  File \""C:\\Users\\rajuh\\AppData\\Local\\Packages\\PythonSoftwareFoundation.Python.3.13_qbz5n2kfra8p0\\LocalCache\\local-packages\\Python313\\site-packages\\httpcore\\_sync\\connection_pool.py\"", line 256, in handle_request\n    raise exc from None\n  File \""C:\\Users\\rajuh\\AppData\\Local\\Packages\\PythonSoftwareFoundation.Python.3.13_qbz5n2kfra8p0\\LocalCache\\local-packages\\Python313\\site-packages\\httpcore\\_sync\\connection_pool.py\"", line 236, in handle_request\n    response = connection.handle_request(\n        pool_request.request\n    )\n  File \""C:\\Users\\rajuh\\AppData\\Local\\Packages\\PythonSoftwareFoundation.Python.3.13_qbz5n2kfra8p0\\LocalCache\\local-packages\\Python313\\site-packages\\httpcore\\_sync\\connection.py\"", line 101, in handle_request\n    raise exc\n  File \""C:\\Users\\rajuh\\AppData\\Local\\Packages\\PythonSoftwareFoundation.Python.3.13_qbz5n2kfra8p0\\LocalCache\\local-packages\\Python313\\site-packages\\httpcore\\_sync\\connection.py\"", line 78, in handle_request\n    stream = self._connect(request)\n  File \""C:\\Users\\rajuh\\AppData\\Local\\Packages\\PythonSoftwareFoundation.Python.3.13_qbz5n2kfra8p0\\LocalCache\\local-packages\\Python313\\site-packages\\httpcore\\_sync\\connection.py\"", line 124, in _connect\n    stream = self._network_backend.connect_tcp(**kwargs)\n  File \""C:\\Users\\rajuh\\AppData\\Local\\Packages\\PythonSoftwareFoundation.Python.3.13_qbz5n2kfra8p0\\LocalCache\\local-packages\\Python313\\site-packages\\httpcore\\_backends\\sync.py\"", line 207, in connect_tcp\n    with map_exceptions(exc_map):\n         ~~~~~~~~~~~~~~^^^^^^^^^\n  File \""C:\\Program Files\\WindowsApps\\PythonSoftwareFoundation.Python.3.13_3.13.2544.0_x64__qbz5n2kfra8p0\\Lib\\contextlib.py\"", line 162, in __exit__\n    self.gen.throw(value)\n    ~~~~~~~~~~~~~~^^^^^^^\n  File \""C:\\Users\\rajuh\\AppData\\Local\\Packages\\PythonSoftwareFoundation.Python.3.13_qbz5n2kfra8p0\\LocalCache\\local-packages\\Python313\\site-packages\\httpcore\\_exceptions.py\"", line 14, in map_exceptions\n    raise to_exc(exc) from exc\nhttpcore.ConnectError: [Errno 11001] getaddrinfo failed\n\nThe above exception was the direct cause of the following exception:\n\nTraceback (most recent call last):\n  File \""C:\\A1_School_ai_25\\001_My_proj_AI\\Assign10_Multi-Agent\\Tests\\my_test_100.py\"", line 320, in run_single_test\n    session = await agent_loop.run(\n              ^^^^^^^^^^^^^^^^^^^^^\n    ...<3 lines>...\n    )\n    ^\n  File \""C:\\A1_School_ai_25\\001_My_proj_AI\\Assign10_Multi-Agent\\agent\\agent_loop2.py\"", line 56, in run\n    perception_result = self.run_perception(query, memory_results, memory_results)\n  File \""C:\\A1_School_ai_25\\001_My_proj_AI\\Assign10_Multi-Agent\\agent\\agent_loop2.py\"", line 261, in run_perception\n    perception_result = self.perception.run(perception_input)\n  File \""C:\\A1_School_ai_25\\001_My_proj_AI\\Assign10_Multi-Agent\\perception\\perception.py\"", line 53, in run\n    response = self.client.models.generate_content(\n        model=\""gemini-2.0-flash\"",\n        contents=full_prompt\n    )\n  File \""C:\\Users\\rajuh\\AppData\\Local\\Packages\\PythonSoftwareFoundation.Python.3.13_qbz5n2kfra8p0\\LocalCache\\local-packages\\Python313\\site-packages\\google\\genai\\models.py\"", line 6565, in generate_content\n    response = self._generate_content(\n        model=model, contents=contents, config=parsed_config\n    )\n  File \""C:\\Users\\rajuh\\AppData\\Local\\Packages\\PythonSoftwareFoundation.Python.3.13_qbz5n2kfra8p0\\LocalCache\\local-packages\\Python313\\site-packages\\google\\genai\\models.py\"", line 5377, in _generate_content\n    response = self._api_client.request(\n        'post', path, request_dict, http_options\n    )\n  File \""C:\\Users\\rajuh\\AppData\\Local\\Packages\\PythonSoftwareFoundation.Python.3.13_qbz5n2kfra8p0\\LocalCache\\local-packages\\Python313\\site-packages\\google\\genai\\_api_client.py\"", line 1290, in request\n    response = self._request(http_request, http_options, stream=False)\n  File \""C:\\Users\\rajuh\\AppData\\Local\\Packages\\PythonSoftwareFoundation.Python.3.13_qbz5n2kfra8p0\\LocalCache\\local-packages\\Python313\\site-packages\\google\\genai\\_api_client.py\"", line 1126, in _request\n    return self._retry(self._request_once, http_request, stream)  # type: ignore[no-any-return]\n           ~~~~~~~~~~~^^^^^^^^^^^^^^^^^^^^^^^^^^^^^^^^^^^^^^^^^^\n  File \""C:\\Users\\rajuh\\AppData\\Local\\Packages\\PythonSoftwareFoundation.Python.3.13_qbz5n2kfra8p0\\LocalCache\\local-packages\\Python313\\site-packages\\tenacity\\__init__.py\"", line 477, in __call__\n    do = self.iter(retry_state=retry_state)\n  File \""C:\\Users\\rajuh\\AppData\\Local\\Packages\\PythonSoftwareFoundation.Python.3.13_qbz5n2kfra8p0\\LocalCache\\local-packages\\Python313\\site-packages\\tenacity\\__init__.py\"", line 378, in iter\n    result = action(retry_state)\n  File \""C:\\Users\\rajuh\\AppData\\Local\\Packages\\PythonSoftwareFoundation.Python.3.13_qbz5n2kfra8p0\\LocalCache\\local-packages\\Python313\\site-packages\\tenacity\\__init__.py\"", line 420, in exc_check\n    raise retry_exc.reraise()\n          ~~~~~~~~~~~~~~~~~^^\n  File \""C:\\Users\\rajuh\\AppData\\Local\\Packages\\PythonSoftwareFoundation.Python.3.13_qbz5n2kfra8p0\\LocalCache\\local-packages\\Python313\\site-packages\\tenacity\\__init__.py\"", line 187, in reraise\n    raise self.last_attempt.result()\n          ~~~~~~~~~~~~~~~~~~~~~~~~^^\n  File \""C:\\Program Files\\WindowsApps\\PythonSoftwareFoundation.Python.3.13_3.13.2544.0_x64__qbz5n2kfra8p0\\Lib\\concurrent\\futures\\_base.py\"", line 449, in result\n    return self.__get_result()\n           ~~~~~~~~~~~~~~~~~^^\n  File \""C:\\Program Files\\WindowsApps\\PythonSoftwareFoundation.Python.3.13_3.13.2544.0_x64__qbz5n2kfra8p0\\Lib\\concurrent\\futures\\_base.py\"", line 401, in __get_result\n    raise self._exception\n  File \""C:\\Users\\rajuh\\AppData\\Local\\Packages\\PythonSoftwareFoundation.Python.3.13_qbz5n2kfra8p0\\LocalCache\\local-packages\\Python313\\site-packages\\tenacity\\__init__.py\"", line 480, in __call__\n    result = fn(*args, **kwargs)\n  File \""C:\\Users\\rajuh\\AppData\\Local\\Packages\\PythonSoftwareFoundation.Python.3.13_qbz5n2kfra8p0\\LocalCache\\local-packages\\Python313\\site-packages\\google\\genai\\_api_client.py\"", line 1096, in _request_once\n    response = self._httpx_client.request(\n        method=http_request.method,\n    ...<3 lines>...\n        timeout=http_request.timeout,\n    )\n  File \""C:\\Users\\rajuh\\AppData\\Local\\Packages\\PythonSoftwareFoundation.Python.3.13_qbz5n2kfra8p0\\LocalCache\\local-packages\\Python313\\site-packages\\httpx\\_client.py\"", line 825, in request\n    return self.send(request, auth=auth, follow_redirects=follow_redirects)\n           ~~~~~~~~~^^^^^^^^^^^^^^^^^^^^^^^^^^^^^^^^^^^^^^^^^^^^^^^^^^^^^^^\n  File \""C:\\Users\\rajuh\\AppData\\Local\\Packages\\PythonSoftwareFoundation.Python.3.13_qbz5n2kfra8p0\\LocalCache\\local-packages\\Python313\\site-packages\\httpx\\_client.py\"", line 914, in send\n    response = self._send_handling_auth(\n        request,\n    ...<2 lines>...\n        history=[],\n    )\n  File \""C:\\Users\\rajuh\\AppData\\Local\\Packages\\PythonSoftwareFoundation.Python.3.13_qbz5n2kfra8p0\\LocalCache\\local-packages\\Python313\\site-packages\\httpx\\_client.py\"", line 942, in _send_handling_auth\n    response = self._send_handling_redirects(\n        request,\n        follow_redirects=follow_redirects,\n        history=history,\n    )\n  File \""C:\\Users\\rajuh\\AppData\\Local\\Packages\\PythonSoftwareFoundation.Python.3.13_qbz5n2kfra8p0\\LocalCache\\local-packages\\Python313\\site-packages\\httpx\\_client.py\"", line 979, in _send_handling_redirects\n    response = self._send_single_request(request)\n  File \""C:\\Users\\rajuh\\AppData\\Local\\Packages\\PythonSoftwareFoundation.Python.3.13_qbz5n2kfra8p0\\LocalCache\\local-packages\\Python313\\site-packages\\httpx\\_client.py\"", line 1014, in _send_single_request\n    response = transport.handle_request(request)\n  File \""C:\\Users\\rajuh\\AppData\\Local\\Packages\\PythonSoftwareFoundation.Python.3.13_qbz5n2kfra8p0\\LocalCache\\local-packages\\Python313\\site-packages\\httpx\\_transports\\default.py\"", line 249, in handle_request\n    with map_httpcore_exceptions():\n         ~~~~~~~~~~~~~~~~~~~~~~~^^\n  File \""C:\\Program Files\\WindowsApps\\PythonSoftwareFoundation.Python.3.13_3.13.2544.0_x64__qbz5n2kfra8p0\\Lib\\contextlib.py\"", line 162, in __exit__\n    self.gen.throw(value)\n    ~~~~~~~~~~~~~~^^^^^^^\n  File \""C:\\Users\\rajuh\\AppData\\Local\\Packages\\PythonSoftwareFoundation.Python.3.13_qbz5n2kfra8p0\\LocalCache\\local-packages\\Python313\\site-packages\\httpx\\_transports\\default.py\"", line 118, in map_httpcore_exceptions\n    raise mapped_exc(message) from exc\nhttpx.ConnectError: [Errno 11001] getaddrinfo failed\n""}"
16,20,Test 16 - information,Who painted the Mona Lisa?,The Mona Lisa was painted by Leonardo da Vinci.,[],success,2025-11-21 18:53:44,2025-11-21 18:54:00,16.155,0,,0,,"{""original_goal_achieved"": true, ""final_answer"": ""The Mona Lisa was painted by Leonardo da Vinci."", ""confidence"": ""1.0"", ""reasoning_note"": ""The question is a straightforward request for a well-known fact. The answer is readily available and definitive, so I can confidently answer it without needing to consult external tools or take additional steps."", ""solution_summary"": ""The Mona Lisa was painted by Leonardo da Vinci.""}"
17,21,Test 17 - information,What is the smallest planet in our solar system?,The smallest planet in our solar system is Mercury.,[],success,2025-11-21 18:54:04,2025-11-21 18:54:17,12.351,0,,0,,"{""original_goal_achieved"": true, ""final_answer"": ""The smallest planet in our solar system is Mercury."", ""confidence"": ""1.0"", ""reasoning_note"": ""The query is asking for the smallest planet in our solar system. This is a factual question that can be answered directly from known information or a simple search. The answer is readily available and doesn't require complex reasoning or multiple steps."", ""solution_summary"": ""The smallest planet in our solar system is Mercury.""}"
18,22,Test 18 - computation,What is 6 times 9?,6 times 9 is 54.,[],success,2025-11-21 18:54:21,2025-11-21 18:54:33,11.982,0,,0,,"{""original_goal_achieved"": true, ""final_answer"": ""6 times 9 is 54."", ""confidence"": ""1.0"", ""reasoning_note"": ""The user is asking for a simple calculation which can be directly answered without needing external tools. The answer is already obvious and complete."", ""solution_summary"": ""6 times 9 is 54.""}"
19,23,Test 19 - data_analysis,Find the sum of all prime numbers from 1 to 20,The sum of all prime numbers from 1 to 20 is 77.,[],success,2025-11-21 18:54:37,2025-11-21 18:54:48,11.722,0,,0,,"{""original_goal_achieved"": true, ""final_answer"": ""The sum of all prime numbers from 1 to 20 is 77."", ""confidence"": ""1.0"", ""reasoning_note"": ""The query asks for the sum of prime numbers from 1 to 20. This is a straightforward calculation. Since this has already been done before (as seen in memory), I can answer it directly."", ""solution_summary"": ""The sum of all prime numbers from 1 to 20 is 77.""}"
20,24,Test 20 - property,List the security features in DLF Camelia.,"DLF Camelia implements several security measures including Managed Security Services, Endpoint disk encryption, Multi-factor authentication, Two factor authentication, Employee training, and an Incident management process.",[],success,2025-11-21 18:54:53,2025-11-21 18:55:05,12.019,0,,0,,"{""original_goal_achieved"": true, ""final_answer"": ""DLF Camelia implements several security measures including Managed Security Services, Endpoint disk encryption, Multi-factor authentication, Two factor authentication, Employee training, and an Incident management process."", ""confidence"": ""1.0"", ""reasoning_note"": ""The query is to list the security features of DLF Camelia. This information is already available in memory. Therefore, the original goal can be achieved directly."", ""solution_summary"": ""DLF Camelia implements several security measures including Managed Security Services, Endpoint disk encryption, Multi-factor authentication, Two factor authentication, Employee training, and an Incident management process.""}"
21,25,Test 21 - property,Find the parking facilities in DLF Camelia.,Conclude with current results,"[""Conclude with current results""]",failure,2025-11-21 18:55:29,2025-11-21 19:37:00,2490.979,1,,0,"Plan limit reached, user provided answer","{""original_goal_achieved"": false, ""final_answer"": ""Conclude with current results"", ""confidence"": ""0.5"", ""reasoning_note"": ""Plan limit reached, user provided answer"", ""solution_summary"": ""Conclude with current results""}"
22,26,Test 22 - property,What are the price ranges for 3BHK apartments in DLF Camelia?,Conclude with current results,"[""Conclude with current results""]",failure,2025-11-21 19:37:23,2025-11-21 19:39:14,111.143,1,,0,"Plan limit reached, user provided answer","{""original_goal_achieved"": false, ""final_answer"": ""Conclude with current results"", ""confidence"": ""0.5"", ""reasoning_note"": ""Plan limit reached, user provided answer"", ""solution_summary"": ""Conclude with current results""}"
23,27,Test 23 - property,List the clubhouse facilities in DLF Camelia.,Conclude with current results,"[""Conclude with current results""]",failure,2025-11-21 19:39:28,2025-11-21 19:43:15,227.393,1,,0,"Plan limit reached, user provided answer","{""original_goal_achieved"": false, ""final_answer"": ""Conclude with current results"", ""confidence"": ""0.5"", ""reasoning_note"": ""Plan limit reached, user provided answer"", ""solution_summary"": ""Conclude with current results""}"
24,28,Test 24 - computation,Calculate 180 divided by 9,180 divided by 9 is 20.,[],success,2025-11-21 19:43:19,2025-11-21 19:43:31,11.878,0,,0,,"{""original_goal_achieved"": true, ""final_answer"": ""180 divided by 9 is 20."", ""confidence"": ""1.0"", ""reasoning_note"": ""The query is a simple calculation that can be directly computed. I will calculate and provide the answer."", ""solution_summary"": ""180 divided by 9 is 20.""}"
25,29,Test 25 - computation,What is 3 to the power of 4?,3 to the power of 4 is 81.,[],success,2025-11-21 19:43:35,2025-11-21 19:43:46,11.421,0,,0,,"{""original_goal_achieved"": true, ""final_answer"": ""3 to the power of 4 is 81."", ""confidence"": ""1.0"", ""reasoning_note"": ""The query is a simple mathematical calculation. This can be directly answered without the need for external tools. The answer can be derived directly."", ""solution_summary"": ""3 to the power of 4 is 81.""}"
26,30,Test 26 - information,Who discovered penicillin?,Alexander Fleming discovered penicillin.,[],success,2025-11-21 19:43:50,2025-11-21 19:44:03,12.437,0,,0,,"{""original_goal_achieved"": true, ""final_answer"": ""Alexander Fleming discovered penicillin."", ""confidence"": ""1.0"", ""reasoning_note"": ""The query is a straightforward question about a well-known historical fact. The answer can be directly retrieved from existing knowledge or a simple search."", ""solution_summary"": ""Alexander Fleming discovered penicillin.""}"
27,31,Test 27 - computation,Calculate 1000 minus 234,1000 minus 234 is 766.,[],success,2025-11-21 19:44:07,2025-11-21 19:44:20,13.055,0,,0,,"{""original_goal_achieved"": true, ""final_answer"": ""1000 minus 234 is 766."", ""confidence"": ""1.0"", ""reasoning_note"": ""The user query is a simple arithmetic calculation that can be directly computed. The query asks to subtract 234 from 1000. I can easily perform this calculation and provide the result."", ""solution_summary"": ""1000 minus 234 is 766.""}"
28,32,Test 28 - property,What are the payment plans available for DLF Camelia?,custom,"[""custom""]",success,2025-11-21 19:44:34,2025-11-21 19:56:13,698.538,1,,0,,"{""original_goal_achieved"": true, ""final_answer"": ""custom"", ""confidence"": ""0.5"", ""reasoning_note"": ""Plan limit reached, user provided answer"", ""solution_summary"": ""custom""}"
29,33,Test 29 - computation,What is 9 times 7?,9 times 7 is 63.,[],success,2025-11-21 19:56:17,2025-11-21 19:56:30,12.782,0,,0,,"{""original_goal_achieved"": true, ""final_answer"": ""9 times 7 is 63."", ""confidence"": ""1.0"", ""reasoning_note"": ""The user is asking a simple multiplication question. This can be directly answered without using any tools. It also exists in memory."", ""solution_summary"": ""9 times 7 is 63.""}"
30,34,Test 30 - property,Find the connectivity options near DLF Camelia.,"Connectivity options near DLF Camelia: Metro, Rapid Metro, Sohna Road, Golf Course Road, Golf Course Extension Road, National Highway.","[""Step 0: Search for connectivity options near DLF Camelia using DuckDuckGo Search."", ""Step 1: Summarize the search results to extract the connectivity options near DLF Camelia."", ""Step 2: Conclude by listing the connectivity options.""]",success,2025-11-21 19:56:44,2025-11-21 19:56:57,12.483,3,raw_code_block,0,,"{""original_goal_achieved"": true, ""final_answer"": ""Connectivity options near DLF Camelia: Metro, Rapid Metro, Sohna Road, Golf Course Road, Golf Course Extension Road, National Highway."", ""confidence"": ""1.0"", ""reasoning_note"": ""The search results provided a list of connectivity options near DLF Camelia. This directly answers the original query, so the original goal is achieved."", ""solution_summary"": ""Connectivity options near DLF Camelia: Metro, Rapid Metro, Sohna Road, Golf Course Road, Golf Course Extension Road, National Highway.""}"
31,35,Test 31 - mathematical,What is 8 * 9?,8 * 9 is 72.,[],success,2025-11-21 19:57:12,2025-11-21 19:57:24,12.120,0,,0,,"{""original_goal_achieved"": true, ""final_answer"": ""8 * 9 is 72."", ""confidence"": ""1.0"", ""reasoning_note"": ""The query is a simple arithmetic calculation. I can directly provide the answer without using any external tools."", ""solution_summary"": ""8 * 9 is 72.""}"
32,36,Test 32 - information,When did World War II end?,"The end date of World War II is generally recognized as September 2, 1945.","[""Step 0: Search for the end date of World War II using DuckDuckGo search."", ""Step 1: Extract the end date from the search results."", ""Step 2: Conclude with the end date of World War II.""]",success,2025-11-21 19:57:38,2025-11-21 19:57:47,8.290,3,raw_code_block,0,,"{""original_goal_achieved"": true, ""final_answer"": ""The end date of World War II is generally recognized as September 2, 1945."", ""confidence"": ""1.0"", ""reasoning_note"": ""The search result provides the generally recognized end date of World War II as September 2, 1945. This directly answers the user's query."", ""solution_summary"": ""The end date of World War II is generally recognized as September 2, 1945.""}"
33,37,Test 33 - information,When was the first moon landing?,"The first moon landing occurred on July 20, 1969.",[],success,2025-11-21 19:57:51,2025-11-21 19:58:03,12.868,0,,0,,"{""original_goal_achieved"": true, ""final_answer"": ""The first moon landing occurred on July 20, 1969."", ""confidence"": ""1.0"", ""reasoning_note"": ""The query is a factual question about a well-known event. This information is readily available and can be directly answered without using external tools. The memory also shows similar prior queries."", ""solution_summary"": ""The first moon landing occurred on July 20, 1969.""}"
34,38,Test 34 - data_analysis,Calculate the percentage: 25 out of 80,25 is 31.25% of 80.,[],success,2025-11-21 19:58:08,2025-11-21 19:58:20,12.361,0,,0,,"{""original_goal_achieved"": true, ""final_answer"": ""25 is 31.25% of 80."", ""confidence"": ""1.0"", ""reasoning_note"": ""The user query is a straightforward percentage calculation. The answer can be calculated directly."", ""solution_summary"": ""25 is 31.25% of 80.""}"
35,39,Test 35 - data_analysis,Find the greatest common divisor of 60 and 24,The greatest common divisor of 60 and 24 is 12.,[],success,2025-11-21 19:58:24,2025-11-21 19:58:37,12.885,0,,0,,"{""original_goal_achieved"": true, ""final_answer"": ""The greatest common divisor of 60 and 24 is 12."", ""confidence"": ""1.0"", ""reasoning_note"": ""The greatest common divisor of 60 and 24 can be directly computed or is available in memory. Based on the memory, the greatest common divisor of 60 and 24 is 12."", ""solution_summary"": ""The greatest common divisor of 60 and 24 is 12.""}"
36,40,Test 36 - information,What is the largest planet in our solar system?,The largest planet in our solar system is Jupiter.,[],success,2025-11-21 19:58:41,2025-11-21 19:58:54,12.956,0,,0,,"{""original_goal_achieved"": true, ""final_answer"": ""The largest planet in our solar system is Jupiter."", ""confidence"": ""1.0"", ""reasoning_note"": ""The query asks for the largest planet in our solar system. This is a factual question that can be answered directly from existing knowledge or a quick search. Based on my knowledge, the largest planet in our solar system is Jupiter."", ""solution_summary"": ""The largest planet in our solar system is Jupiter.""}"
37,41,Test 37 - computation,Calculate 300 minus 89,300 minus 89 is 211.,[],success,2025-11-21 19:58:58,2025-11-21 19:59:11,12.864,0,,0,,"{""original_goal_achieved"": true, ""final_answer"": ""300 minus 89 is 211."", ""confidence"": ""1.0"", ""reasoning_note"": ""This is a simple arithmetic calculation that can be directly answered. The query is clear and the expected result is a numerical value representing the difference between 300 and 89."", ""solution_summary"": ""300 minus 89 is 211.""}"
38,42,Test 38 - information,What is the chemical symbol for gold?,The chemical symbol for gold is Au.,[],success,2025-11-21 19:59:15,2025-11-21 19:59:27,12.703,0,,0,,"{""original_goal_achieved"": true, ""final_answer"": ""The chemical symbol for gold is Au."", ""confidence"": ""1.0"", ""reasoning_note"": ""The question is a simple knowledge retrieval task. The answer is readily available and requires no external tools or complex reasoning. I can directly provide the answer from my existing knowledge."", ""solution_summary"": ""The chemical symbol for gold is Au.""}"
39,43,Test 39 - computation,What is 2 to the power of 8?,2 to the power of 8 is 256.,[],success,2025-11-21 19:59:31,2025-11-21 19:59:45,13.275,0,,0,,"{""original_goal_achieved"": true, ""final_answer"": ""2 to the power of 8 is 256."", ""confidence"": ""1.0"", ""reasoning_note"": ""The query asks for a simple calculation that can be directly computed or retrieved from memory. Given past similar queries and their solutions in memory, the answer is readily available."", ""solution_summary"": ""2 to the power of 8 is 256.""}"
40,44,Test 40 - mathematical,Find the square root of 36,The square root of 36 is 6.,[],success,2025-11-21 19:59:49,2025-11-21 20:00:02,13.082,0,,0,,"{""original_goal_achieved"": true, ""final_answer"": ""The square root of 36 is 6."", ""confidence"": ""1.0"", ""reasoning_note"": ""The square root of 36 is a basic mathematical operation that can be directly calculated. The answer is readily available and doesn't require external tools or information."", ""solution_summary"": ""The square root of 36 is 6.""}"
41,45,Test 41 - property,What are the specifications for 3BHK units in DLF Camelia?,Conclude with current results,"[""Conclude with current results""]",failure,2025-11-21 20:00:28,2025-11-21 20:10:18,589.456,1,,0,"Plan limit reached, user provided answer","{""original_goal_achieved"": false, ""final_answer"": ""Conclude with current results"", ""confidence"": ""0.5"", ""reasoning_note"": ""Plan limit reached, user provided answer"", ""solution_summary"": ""Conclude with current results""}"
42,46,Test 42 - property,Find amenities available in DLF Camelia residential complex.,Conclude with current results,"[""Conclude with current results""]",failure,2025-11-21 20:10:32,2025-11-21 20:23:54,802.436,1,,0,"Plan limit reached, user provided answer","{""original_goal_achieved"": false, ""final_answer"": ""Conclude with current results"", ""confidence"": ""0.5"", ""reasoning_note"": ""Plan limit reached, user provided answer"", ""solution_summary"": ""Conclude with current results""}"
43,47,Test 43 - property,What are the nearby hospitals near DLF Camelia?,search official website https://www.camellias.co.in/ for address,"[""search official website https://www.camellias.co.in/ for address""]",success,2025-11-21 20:24:08,2025-11-21 20:34:44,635.421,1,,0,,"{""original_goal_achieved"": true, ""final_answer"": ""search official website https://www.camellias.co.in/ for address"", ""confidence"": ""0.5"", ""reasoning_note"": ""Plan limit reached, user provided answer"", ""solution_summary"": ""search official website https://www.camellias.co.in/ for address""}"
44,48,Test 44 - information,What is the capital of France?,The capital of France is Paris.,[],success,2025-11-21 20:34:48,2025-11-21 20:35:01,13.337,0,,0,,"{""original_goal_achieved"": true, ""final_answer"": ""The capital of France is Paris."", ""confidence"": ""1.0"", ""reasoning_note"": ""The question is a simple fact lookup. Based on memory, the answer is readily available and complete. The original goal is therefore achieved."", ""solution_summary"": ""The capital of France is Paris.""}"
45,49,Test 45 - mathematical,What is 7 * 6?,7 * 6 is 42.,[],success,2025-11-21 20:35:05,2025-11-21 20:35:18,13.263,0,,0,,"{""original_goal_achieved"": true, ""final_answer"": ""7 * 6 is 42."", ""confidence"": ""1.0"", ""reasoning_note"": ""The user is asking for the result of a simple multiplication. This can be directly calculated without the need for external tools. The answer is obvious and complete."", ""solution_summary"": ""7 * 6 is 42.""}"
46,50,Test 46 - data_analysis,Find the sum of all odd numbers from 1 to 50,The sum of all odd numbers from 1 to 50 is 625.,[],success,2025-11-21 20:35:22,2025-11-21 20:35:34,11.805,0,,0,,"{""original_goal_achieved"": true, ""final_answer"": ""The sum of all odd numbers from 1 to 50 is 625."", ""confidence"": ""1.0"", ""reasoning_note"": ""The sum of the first n odd numbers is n^2.  There are 25 odd numbers between 1 and 50 (inclusive). Therefore, the sum is 25^2 = 625. The problem is directly solvable without external tools."", ""solution_summary"": ""The sum of all odd numbers from 1 to 50 is 625.""}"
47,51,Test 47 - data_analysis,Find the sum of all even numbers from 1 to 100,The sum of all even numbers from 1 to 100 is 2550.,[],success,2025-11-21 20:35:38,2025-11-21 20:35:51,12.292,0,,0,,"{""original_goal_achieved"": true, ""final_answer"": ""The sum of all even numbers from 1 to 100 is 2550."", ""confidence"": ""1.0"", ""reasoning_note"": ""The user is asking for the sum of all even numbers from 1 to 100. This is a simple arithmetic problem that can be easily solved. Since this exact query has been solved correctly in the past, I can immediately return the answer."", ""solution_summary"": ""The sum of all even numbers from 1 to 100 is 2550.""}"
48,52,Test 48 - data_analysis,"Calculate the average of numbers: 10, 20, 30, 40, 50","The average of the numbers 10, 20, 30, 40, and 50 is 30.",[],success,2025-11-21 20:35:55,2025-11-21 20:36:08,13.682,0,,0,,"{""original_goal_achieved"": true, ""final_answer"": ""The average of the numbers 10, 20, 30, 40, and 50 is 30."", ""confidence"": ""1.0"", ""reasoning_note"": ""The user is asking for the average of a list of numbers. This is a simple calculation that can be done directly."", ""solution_summary"": ""The average of the numbers 10, 20, 30, 40, and 50 is 30.""}"
49,53,Test 49 - mathematical,Find the square root of 25,The square root of 25 is 5.,[],success,2025-11-21 20:36:12,2025-11-21 20:36:28,15.745,0,,0,,"{""original_goal_achieved"": true, ""final_answer"": ""The square root of 25 is 5."", ""confidence"": ""1.0"", ""reasoning_note"": ""The square root of 25 is a basic mathematical operation that can be easily calculated. The answer is readily available without the need for external tools or information retrieval."", ""solution_summary"": ""The square root of 25 is 5.""}"
50,54,Test 50 - property,What are the maintenance charges for DLF Camelia?,"The monthly maintenance charges for DLF Camellias are approximately 50,000.","[""Step 0: Search stored documents and perform a web search for maintenance charges of DLF Camelia using RAG and DuckDuckGo."", ""Step 1: Extract and compare maintenance charges from both sources and provide the final answer."", ""Step 2: Summarize the findings and provide the maintenance charges if available.""]",success,2025-11-21 20:36:42,2025-11-21 20:37:04,21.808,3,raw_code_block,0,,"{""original_goal_achieved"": true, ""final_answer"": ""The monthly maintenance charges for DLF Camellias are approximately 50,000."", ""confidence"": ""1.0"", ""reasoning_note"": ""The step provided a specific monthly maintenance charge based on search results. This likely fulfills the user's query, assuming the source (MagicBricks) is reasonably reliable. The plan involved verifying and summarizing the maintenance charges, and this step appears to have achieved that goal."", ""solution_summary"": ""The monthly maintenance charges for DLF Camellias are approximately 50,000.""}"
51,55,Test 51 - computation,What is the square of 11?,The square of 11 is 121.,[],success,2025-11-21 20:37:19,2025-11-21 20:37:31,11.595,0,,0,,"{""original_goal_achieved"": true, ""final_answer"": ""The square of 11 is 121."", ""confidence"": ""1.0"", ""reasoning_note"": ""The square of 11 is a simple calculation that can be directly computed. The answer is obvious and complete."", ""solution_summary"": ""The square of 11 is 121.""}"
52,56,Test 52 - information,What is the speed of light?,"The speed of light in a vacuum is 299,792,458 metres per second.","[""Step 0: Search DuckDuckGo for the speed of light."", ""Step 1: Extract the numerical value representing the speed of light from the search results."", ""Step 2: Present the speed of light as the final answer.""]",success,2025-11-21 20:37:45,2025-11-21 20:37:54,8.704,3,raw_code_block,0,,"{""original_goal_achieved"": true, ""final_answer"": ""The speed of light in a vacuum is 299,792,458 metres per second."", ""confidence"": ""1.0"", ""reasoning_note"": ""The search result provides the exact speed of light. The original goal is achieved."", ""solution_summary"": ""The speed of light in a vacuum is 299,792,458 metres per second.""}"
53,57,Test 53 - mathematical,Find the square root of 16,The square root of 16 is 4.,[],success,2025-11-21 20:37:58,2025-11-21 20:38:10,11.794,0,,0,,"{""original_goal_achieved"": true, ""final_answer"": ""The square root of 16 is 4."", ""confidence"": ""1.0"", ""reasoning_note"": ""The square root of 16 is a simple calculation that can be performed directly. The answer is 4."", ""solution_summary"": ""The square root of 16 is 4.""}"
54,58,Test 54 - information,Who wrote 'Romeo and Juliet'?,William Shakespeare wrote 'Romeo and Juliet'.,[],success,2025-11-21 20:38:14,2025-11-21 20:38:26,12.453,0,,0,,"{""original_goal_achieved"": true, ""final_answer"": ""William Shakespeare wrote 'Romeo and Juliet'."", ""confidence"": ""1.0"", ""reasoning_note"": ""The question is a simple fact retrieval question that can be answered directly. 'Romeo and Juliet' is a well-known play, and its author is widely known. Therefore, the answer can be provided directly without the need for external tools."", ""solution_summary"": ""William Shakespeare wrote 'Romeo and Juliet'.""}"
55,59,Test 55 - mathematical,Calculate 12 + 15,12 + 15 is 27.,[],success,2025-11-21 20:38:30,2025-11-21 20:38:43,12.710,0,,0,,"{""original_goal_achieved"": true, ""final_answer"": ""12 + 15 is 27."", ""confidence"": ""1.0"", ""reasoning_note"": ""The user query is a simple arithmetic calculation that can be directly computed without external tools. The sum of 12 and 15 is readily available."", ""solution_summary"": ""12 + 15 is 27.""}"
56,60,Test 56 - property,Find the total project area of DLF Camelia.,Conclude with current results,"[""Conclude with current results""]",failure,2025-11-21 20:38:58,2025-11-21 20:52:11,793.676,1,,0,"Plan limit reached, user provided answer","{""original_goal_achieved"": false, ""final_answer"": ""Conclude with current results"", ""confidence"": ""0.5"", ""reasoning_note"": ""Plan limit reached, user provided answer"", ""solution_summary"": ""Conclude with current results""}"
57,61,Test 57 - information,What is the chemical formula for carbon dioxide?,The chemical formula for carbon dioxide is CO2.,[],success,2025-11-21 20:52:16,2025-11-21 20:52:37,21.300,0,,0,,"{""original_goal_achieved"": true, ""final_answer"": ""The chemical formula for carbon dioxide is CO2."", ""confidence"": ""1.0"", ""reasoning_note"": ""The chemical formula for carbon dioxide is common knowledge and can be directly stated without the need for external tools or memory recall. Therefore, the goal is achievable immediately."", ""solution_summary"": ""The chemical formula for carbon dioxide is CO2.""}"
58,62,Test 58 - data_analysis,Calculate the percentage: 30 out of 100,30 is 30% of 100.,[],success,2025-11-21 20:52:41,2025-11-21 20:52:57,16.547,0,,0,,"{""original_goal_achieved"": true, ""final_answer"": ""30 is 30% of 100."", ""confidence"": ""1.0"", ""reasoning_note"": ""The user is asking to calculate a percentage, which is a simple calculation that I can perform directly.  The answer is obvious and complete."", ""solution_summary"": ""30 is 30% of 100.""}"
59,63,Test 59 - property,List all available property types in DLF Camelia project.,"Parse the previous sessions json and in entities search for ""Apartments""","[""Parse the previous sessions json and in entities search for \""Apartments\""""]",success,2025-11-21 20:53:19,2025-11-21 21:04:51,691.530,1,,0,,"{""original_goal_achieved"": true, ""final_answer"": ""Parse the previous sessions json and in entities search for \""Apartments\"""", ""confidence"": ""0.5"", ""reasoning_note"": ""Plan limit reached, user provided answer"", ""solution_summary"": ""Parse the previous sessions json and in entities search for \""Apartments\""""}"
60,64,Test 60 - data_analysis,What is the factorial of 5?,The factorial of 5 is 120.,[],success,2025-11-21 21:04:55,2025-11-21 21:05:07,12.209,0,,0,,"{""original_goal_achieved"": true, ""final_answer"": ""The factorial of 5 is 120."", ""confidence"": ""1.0"", ""reasoning_note"": ""The factorial of 5 is a straightforward calculation that can be directly computed. It is 5*4*3*2*1 which equals 120. The user query is thus directly answerable without external tools."", ""solution_summary"": ""The factorial of 5 is 120.""}"
61,65,Test 61 - property,What is the total number of units in DLF Camelia?,DLF The Camellias has a total of 429 units.,[],success,2025-11-21 21:05:22,2025-11-21 21:05:34,12.418,0,,0,,"{""original_goal_achieved"": true, ""final_answer"": ""DLF The Camellias has a total of 429 units."", ""confidence"": ""1.0"", ""reasoning_note"": ""The query is to find the total number of units in DLF Camelia. This information is readily available in the memory logs. No further steps are needed."", ""solution_summary"": ""DLF The Camellias has a total of 429 units.""}"
62,66,Test 62 - mathematical,What is 3 * 7?,3 * 7 is 21.,[],success,2025-11-21 21:05:38,2025-11-21 21:05:50,12.061,0,,0,,"{""original_goal_achieved"": true, ""final_answer"": ""3 * 7 is 21."", ""confidence"": ""1.0"", ""reasoning_note"": ""The query is a simple arithmetic calculation that can be directly answered. No external tools or information are needed."", ""solution_summary"": ""3 * 7 is 21.""}"
63,67,Test 63 - mathematical,Calculate 50 - 23,50 - 23 is 27.,[],success,2025-11-21 21:05:55,2025-11-21 21:06:06,11.930,0,,0,,"{""original_goal_achieved"": true, ""final_answer"": ""50 - 23 is 27."", ""confidence"": ""1.0"", ""reasoning_note"": ""The query is a simple arithmetic calculation that can be directly computed. The answer is obvious and complete without needing external tools."", ""solution_summary"": ""50 - 23 is 27.""}"
64,68,Test 64 - data_analysis,What is the factorial of 6?,The factorial of 6 is 720.,[],success,2025-11-21 21:06:10,2025-11-21 21:06:23,12.423,0,,0,,"{""original_goal_achieved"": true, ""final_answer"": ""The factorial of 6 is 720."", ""confidence"": ""1.0"", ""reasoning_note"": ""The factorial of 6 is a straightforward calculation that can be easily determined. Since the agent has successfully calculated factorials of other numbers in the past (as seen in memory), it can confidently provide the answer directly."", ""solution_summary"": ""The factorial of 6 is 720.""}"
65,69,Test 65 - computation,What is 7 times 8?,7 times 8 is 56.,[],success,2025-11-21 21:06:27,2025-11-21 21:06:39,11.742,0,,0,,"{""original_goal_achieved"": true, ""final_answer"": ""7 times 8 is 56."", ""confidence"": ""1.0"", ""reasoning_note"": ""This is a simple arithmetic problem that can be solved directly. No tool use is needed."", ""solution_summary"": ""7 times 8 is 56.""}"
66,70,Test 66 - mathematical,Calculate 200 / 10,200 divided by 10 is 20.,[],success,2025-11-21 21:06:43,2025-11-21 21:06:56,13.079,0,,0,,"{""original_goal_achieved"": true, ""final_answer"": ""200 divided by 10 is 20."", ""confidence"": ""1.0"", ""reasoning_note"": ""The user query is a simple calculation that can be directly answered without the need for external tools or information retrieval. The calculation 200 / 10 can be immediately performed."", ""solution_summary"": ""200 divided by 10 is 20.""}"
67,71,Test 67 - data_analysis,Find the least common multiple of 8 and 12,The least common multiple of 8 and 12 is 24.,[],success,2025-11-21 21:07:00,2025-11-21 21:07:13,13.063,0,,0,,"{""original_goal_achieved"": true, ""final_answer"": ""The least common multiple of 8 and 12 is 24."", ""confidence"": ""1.0"", ""reasoning_note"": ""The least common multiple of 8 and 12 is a simple calculation that can be done directly without external tools."", ""solution_summary"": ""The least common multiple of 8 and 12 is 24.""}"
68,72,Test 68 - information,When was the first computer invented?,,[],error,2025-11-21 21:07:17,2025-11-21 21:07:39,22.421,0,,0,module 'collections' has no attribute 'Callable',"{""error"": ""module 'collections' has no attribute 'Callable'"", ""traceback"": ""Traceback (most recent call last):\n  File \""C:\\A1_School_ai_25\\001_My_proj_AI\\Assign10_Multi-Agent\\decision\\decision.py\"", line 61, in run\n    output = json.loads(json_block)\n  File \""C:\\Program Files\\WindowsApps\\PythonSoftwareFoundation.Python.3.13_3.13.2544.0_x64__qbz5n2kfra8p0\\Lib\\json\\__init__.py\"", line 346, in loads\n    return _default_decoder.decode(s)\n           ~~~~~~~~~~~~~~~~~~~~~~~^^^\n  File \""C:\\Program Files\\WindowsApps\\PythonSoftwareFoundation.Python.3.13_3.13.2544.0_x64__qbz5n2kfra8p0\\Lib\\json\\decoder.py\"", line 345, in decode\n    obj, end = self.raw_decode(s, idx=_w(s, 0).end())\n               ~~~~~~~~~~~~~~~^^^^^^^^^^^^^^^^^^^^^^^\n  File \""C:\\Program Files\\WindowsApps\\PythonSoftwareFoundation.Python.3.13_3.13.2544.0_x64__qbz5n2kfra8p0\\Lib\\json\\decoder.py\"", line 361, in raw_decode\n    obj, end = self.scan_once(s, idx)\n               ~~~~~~~~~~~~~~^^^^^^^^\njson.decoder.JSONDecodeError: Expecting ',' delimiter: line 10 column 457 (char 801)\n\nDuring handling of the above exception, another exception occurred:\n\nTraceback (most recent call last):\n  File \""C:\\A1_School_ai_25\\001_My_proj_AI\\Assign10_Multi-Agent\\decision\\decision.py\"", line 68, in run\n    import pdb; pdb.set_trace()\n                ~~~~~~~~~~~~~^^\n  File \""C:\\Program Files\\WindowsApps\\PythonSoftwareFoundation.Python.3.13_3.13.2544.0_x64__qbz5n2kfra8p0\\Lib\\pdb.py\"", line 2368, in set_trace\n    pdb = Pdb()\n  File \""C:\\Program Files\\WindowsApps\\PythonSoftwareFoundation.Python.3.13_3.13.2544.0_x64__qbz5n2kfra8p0\\Lib\\pdb.py\"", line 329, in __init__\n    import readline\n  File \""C:\\Users\\rajuh\\AppData\\Local\\Packages\\PythonSoftwareFoundation.Python.3.13_qbz5n2kfra8p0\\LocalCache\\local-packages\\Python313\\site-packages\\readline.py\"", line 34, in <module>\n    rl = Readline()\n  File \""C:\\Users\\rajuh\\AppData\\Local\\Packages\\PythonSoftwareFoundation.Python.3.13_qbz5n2kfra8p0\\LocalCache\\local-packages\\Python313\\site-packages\\pyreadline\\rlmain.py\"", line 422, in __init__\n    BaseReadline.__init__(self)\n    ~~~~~~~~~~~~~~~~~~~~~^^^^^^\n  File \""C:\\Users\\rajuh\\AppData\\Local\\Packages\\PythonSoftwareFoundation.Python.3.13_qbz5n2kfra8p0\\LocalCache\\local-packages\\Python313\\site-packages\\pyreadline\\rlmain.py\"", line 62, in __init__\n    mode.init_editing_mode(None)\n    ~~~~~~~~~~~~~~~~~~~~~~^^^^^^\n  File \""C:\\Users\\rajuh\\AppData\\Local\\Packages\\PythonSoftwareFoundation.Python.3.13_qbz5n2kfra8p0\\LocalCache\\local-packages\\Python313\\site-packages\\pyreadline\\modes\\emacs.py\"", line 633, in init_editing_mode\n    self._bind_key('space',       self.self_insert)\n    ~~~~~~~~~~~~~~^^^^^^^^^^^^^^^^^^^^^^^^^^^^^^^^^\n  File \""C:\\Users\\rajuh\\AppData\\Local\\Packages\\PythonSoftwareFoundation.Python.3.13_qbz5n2kfra8p0\\LocalCache\\local-packages\\Python313\\site-packages\\pyreadline\\modes\\basemode.py\"", line 162, in _bind_key\n    if not callable(func):\n           ~~~~~~~~^^^^^^\n  File \""C:\\Users\\rajuh\\AppData\\Local\\Packages\\PythonSoftwareFoundation.Python.3.13_qbz5n2kfra8p0\\LocalCache\\local-packages\\Python313\\site-packages\\pyreadline\\py3k_compat.py\"", line 8, in callable\n    return isinstance(x, collections.Callable)\n                         ^^^^^^^^^^^^^^^^^^^^\nAttributeError: module 'collections' has no attribute 'Callable'\n\nDuring handling of the above exception, another exception occurred:\n\nTraceback (most recent call last):\n  File \""C:\\A1_School_ai_25\\001_My_proj_AI\\Assign10_Multi-Agent\\Tests\\my_test_100.py\"", line 320, in run_single_test\n    session = await agent_loop.run(\n              ^^^^^^^^^^^^^^^^^^^^^\n    ...<3 lines>...\n    )\n    ^\n  File \""C:\\A1_School_ai_25\\001_My_proj_AI\\Assign10_Multi-Agent\\agent\\agent_loop2.py\"", line 148, in run\n    step = self.evaluate_step(step_result, session, query)\n  File \""C:\\A1_School_ai_25\\001_My_proj_AI\\Assign10_Multi-Agent\\agent\\agent_loop2.py\"", line 458, in evaluate_step\n    return self.get_next_step(session, query, step)\n           ~~~~~~~~~~~~~~~~~~^^^^^^^^^^^^^^^^^^^^^^\n  File \""C:\\A1_School_ai_25\\001_My_proj_AI\\Assign10_Multi-Agent\\agent\\agent_loop2.py\"", line 513, in get_next_step\n    decision_output = self.decision.run({\n        \""plan_mode\"": \""mid_session\"",\n    ...<5 lines>...\n        \""current_step\"": step.to_dict()\n    })\n  File \""C:\\A1_School_ai_25\\001_My_proj_AI\\Assign10_Multi-Agent\\decision\\decision.py\"", line 99, in run\n    import pdb; pdb.set_trace()\n                ~~~~~~~~~~~~~^^\n  File \""C:\\Program Files\\WindowsApps\\PythonSoftwareFoundation.Python.3.13_3.13.2544.0_x64__qbz5n2kfra8p0\\Lib\\pdb.py\"", line 2368, in set_trace\n    pdb = Pdb()\n  File \""C:\\Program Files\\WindowsApps\\PythonSoftwareFoundation.Python.3.13_3.13.2544.0_x64__qbz5n2kfra8p0\\Lib\\pdb.py\"", line 329, in __init__\n    import readline\n  File \""C:\\Users\\rajuh\\AppData\\Local\\Packages\\PythonSoftwareFoundation.Python.3.13_qbz5n2kfra8p0\\LocalCache\\local-packages\\Python313\\site-packages\\readline.py\"", line 34, in <module>\n    rl = Readline()\n  File \""C:\\Users\\rajuh\\AppData\\Local\\Packages\\PythonSoftwareFoundation.Python.3.13_qbz5n2kfra8p0\\LocalCache\\local-packages\\Python313\\site-packages\\pyreadline\\rlmain.py\"", line 422, in __init__\n    BaseReadline.__init__(self)\n    ~~~~~~~~~~~~~~~~~~~~~^^^^^^\n  File \""C:\\Users\\rajuh\\AppData\\Local\\Packages\\PythonSoftwareFoundation.Python.3.13_qbz5n2kfra8p0\\LocalCache\\local-packages\\Python313\\site-packages\\pyreadline\\rlmain.py\"", line 62, in __init__\n    mode.init_editing_mode(None)\n    ~~~~~~~~~~~~~~~~~~~~~~^^^^^^\n  File \""C:\\Users\\rajuh\\AppData\\Local\\Packages\\PythonSoftwareFoundation.Python.3.13_qbz5n2kfra8p0\\LocalCache\\local-packages\\Python313\\site-packages\\pyreadline\\modes\\emacs.py\"", line 633, in init_editing_mode\n    self._bind_key('space',       self.self_insert)\n    ~~~~~~~~~~~~~~^^^^^^^^^^^^^^^^^^^^^^^^^^^^^^^^^\n  File \""C:\\Users\\rajuh\\AppData\\Local\\Packages\\PythonSoftwareFoundation.Python.3.13_qbz5n2kfra8p0\\LocalCache\\local-packages\\Python313\\site-packages\\pyreadline\\modes\\basemode.py\"", line 162, in _bind_key\n    if not callable(func):\n           ~~~~~~~~^^^^^^\n  File \""C:\\Users\\rajuh\\AppData\\Local\\Packages\\PythonSoftwareFoundation.Python.3.13_qbz5n2kfra8p0\\LocalCache\\local-packages\\Python313\\site-packages\\pyreadline\\py3k_compat.py\"", line 8, in callable\n    return isinstance(x, collections.Callable)\n                         ^^^^^^^^^^^^^^^^^^^^\nAttributeError: module 'collections' has no attribute 'Callable'\n""}"
69,73,Test 69 - computation,What is 4 to the power of 3?,4 to the power of 3 is 64.,[],success,2025-11-21 21:07:43,2025-11-21 21:07:56,12.750,0,,0,,"{""original_goal_achieved"": true, ""final_answer"": ""4 to the power of 3 is 64."", ""confidence"": ""1.0"", ""reasoning_note"": ""The user is asking a simple mathematical question that can be directly answered. The result can be calculated without external tools."", ""solution_summary"": ""4 to the power of 3 is 64.""}"
70,74,Test 70 - property,Find number of BHK variants available in DLF Camelia from local sources.,"DLF The Camellias offers 4BHK, 5BHK, and 6BHK apartments and penthouses. Therefore, there are 3 BHK variants available.",[],success,2025-11-21 21:08:00,2025-11-21 21:08:16,15.640,0,,0,,"{""original_goal_achieved"": true, ""final_answer"": ""DLF The Camellias offers 4BHK, 5BHK, and 6BHK apartments and penthouses. Therefore, there are 3 BHK variants available."", ""confidence"": ""1.0"", ""reasoning_note"": ""I can directly answer the user's query using information found in memory. The memory contains the number of BHK variants available in DLF Camelia."", ""solution_summary"": ""DLF The Camellias offers 4BHK, 5BHK, and 6BHK apartments and penthouses. Therefore, there are 3 BHK variants available.""}"
71,75,Test 71 - mathematical,What is 2 + 2?,2 + 2 = 4,[],success,2025-11-21 21:08:31,2025-11-21 21:08:43,11.588,0,,0,,"{""original_goal_achieved"": true, ""final_answer"": ""2 + 2 = 4"", ""confidence"": ""1.0"", ""reasoning_note"": ""The question 'What is 2 + 2?' can be directly answered without needing external tools. It's a simple arithmetic problem."", ""solution_summary"": ""2 + 2 = 4""}"
72,76,Test 72 - computation,What is 5 to the power of 2?,5 to the power of 2 is 25.,[],success,2025-11-21 21:08:47,2025-11-21 21:08:59,12.483,0,,0,,"{""original_goal_achieved"": true, ""final_answer"": ""5 to the power of 2 is 25."", ""confidence"": ""1.0"", ""reasoning_note"": ""The question is a straightforward mathematical calculation that can be directly answered. The answer is 25."", ""solution_summary"": ""5 to the power of 2 is 25.""}"
73,77,Test 73 - information,Who wrote 'The Great Gatsby'?,F. Scott Fitzgerald wrote 'The Great Gatsby'.,[],success,2025-11-21 21:09:03,2025-11-21 21:09:15,11.938,0,,0,,"{""original_goal_achieved"": true, ""final_answer"": ""F. Scott Fitzgerald wrote 'The Great Gatsby'."", ""confidence"": ""1.0"", ""reasoning_note"": ""The query asks for the author of 'The Great Gatsby,' which is a factual question easily answered from common knowledge. No tool use is needed as I can provide the answer directly."", ""solution_summary"": ""F. Scott Fitzgerald wrote 'The Great Gatsby'.""}"
74,78,Test 74 - computation,Calculate 1000 minus 567,1000 minus 567 is 433.,[],success,2025-11-21 21:09:19,2025-11-21 21:09:31,12.054,0,,0,,"{""original_goal_achieved"": true, ""final_answer"": ""1000 minus 567 is 433."", ""confidence"": ""1.0"", ""reasoning_note"": ""The user is asking for a simple calculation. This can be directly computed and the final answer provided without the need for external tools."", ""solution_summary"": ""1000 minus 567 is 433.""}"
75,79,Test 75 - information,When was the internet invented?,"The internet's development spanned from the 1950s to the 1980s, with key milestones including the development of the Internet Protocol Suite and the invention of the World Wide Web by Tim Berners-Lee in 1989.","[""Step 0: Search DuckDuckGo for the invention date of the internet."", ""Step 1: Extract the relevant date or period from the search results."", ""Step 2: Summarize the findings and provide the answer.""]",success,2025-11-21 21:09:45,2025-11-21 21:09:57,11.717,3,raw_code_block,0,,"{""original_goal_achieved"": true, ""final_answer"": ""The internet's development spanned from the 1950s to the 1980s, with key milestones including the development of the Internet Protocol Suite and the invention of the World Wide Web by Tim Berners-Lee in 1989."", ""confidence"": ""1.0"", ""reasoning_note"": ""The provided text contains the development timeline of the internet, ranging from the 1950s to the 1980s. It also mentions the invention of the World Wide Web in 1989, which is a key component of the modern internet. While it doesn't provide a single definitive \""invention date\"" for the internet itself (which was a gradual development), it provides sufficient information to answer the user's query."", ""solution_summary"": ""The internet's development spanned from the 1950s to the 1980s, with key milestones including the development of the Internet Protocol Suite and the invention of the World Wide Web by Tim Berners-Lee in 1989.""}"
76,80,Test 76 - computation,What is the square of 12?,The square of 12 is 144.,[],success,2025-11-21 21:10:01,2025-11-21 21:10:13,11.775,0,,0,,"{""original_goal_achieved"": true, ""final_answer"": ""The square of 12 is 144."", ""confidence"": ""1.0"", ""reasoning_note"": ""The square of 12 is a simple calculation that can be directly computed without external tools. The answer is readily available and complete, and the query is similar to queries that were solved in the past. The final answer is therefore known."", ""solution_summary"": ""The square of 12 is 144.""}"
77,81,Test 77 - property,Find the location details of DLF Camelia project.,Conclude with current results,"[""Conclude with current results""]",failure,2025-11-21 21:10:27,2025-11-21 21:17:49,442.361,1,,0,"Plan limit reached, user provided answer","{""original_goal_achieved"": false, ""final_answer"": ""Conclude with current results"", ""confidence"": ""0.5"", ""reasoning_note"": ""Plan limit reached, user provided answer"", ""solution_summary"": ""Conclude with current results""}"
78,82,Test 78 - data_analysis,Find the sum of all numbers from 1 to 100,The sum of all numbers from 1 to 100 is 5050.,[],success,2025-11-21 21:17:53,2025-11-21 21:18:05,12.264,0,,0,,"{""original_goal_achieved"": true, ""final_answer"": ""The sum of all numbers from 1 to 100 is 5050."", ""confidence"": ""1.0"", ""reasoning_note"": ""The sum of numbers from 1 to 100 can be directly computed using the formula for the sum of an arithmetic series: n(n+1)/2. In this case, n = 100, so the sum is 100(100+1)/2 = 5050. The answer is obvious and complete."", ""solution_summary"": ""The sum of all numbers from 1 to 100 is 5050.""}"
79,83,Test 79 - computation,What is the square of 9?,The square of 9 is 81.,[],success,2025-11-21 21:18:09,2025-11-21 21:18:21,11.953,0,,0,,"{""original_goal_achieved"": true, ""final_answer"": ""The square of 9 is 81."", ""confidence"": ""1.0"", ""reasoning_note"": ""The query asks for the square of 9, which is a simple mathematical calculation that can be directly computed. No external tools or information retrieval is needed."", ""solution_summary"": ""The square of 9 is 81.""}"
80,84,Test 80 - data_analysis,What is the factorial of 4?,The factorial of 4 is 24.,[],success,2025-11-21 21:18:25,2025-11-21 21:18:37,11.424,0,,0,,"{""original_goal_achieved"": true, ""final_answer"": ""The factorial of 4 is 24."", ""confidence"": ""1.0"", ""reasoning_note"": ""The factorial of 4 can be easily calculated directly. It is a simple mathematical operation. Based on prior memories of similar queries, I can complete it directly without needing external tools."", ""solution_summary"": ""The factorial of 4 is 24.""}"
81,85,Test 81 - data_analysis,Find the greatest common divisor of 48 and 18,The greatest common divisor of 48 and 18 is 6.,[],success,2025-11-21 21:18:52,2025-11-21 21:19:04,11.770,0,,0,,"{""original_goal_achieved"": true, ""final_answer"": ""The greatest common divisor of 48 and 18 is 6."", ""confidence"": ""1.0"", ""reasoning_note"": ""The greatest common divisor of 48 and 18 is a simple calculation. I can either use a calculator or directly compute it. Based on the memory, it has been answered correctly several times in the past. Therefore, I will provide the answer directly."", ""solution_summary"": ""The greatest common divisor of 48 and 18 is 6.""}"
82,86,Test 82 - property,What are the nearby schools near DLF Camelia?,Conclude with current results,"[""Conclude with current results""]",failure,2025-11-21 21:19:18,2025-11-21 21:26:23,425.352,1,,0,"Plan limit reached, user provided answer","{""original_goal_achieved"": false, ""final_answer"": ""Conclude with current results"", ""confidence"": ""0.5"", ""reasoning_note"": ""Plan limit reached, user provided answer"", ""solution_summary"": ""Conclude with current results""}"
83,87,Test 83 - property,List the floor plans for 2BHK units in DLF Camelia.,Conclude with current results,"[""Conclude with current results""]",failure,2025-11-21 21:26:37,2025-11-21 21:35:47,549.907,1,,0,"Plan limit reached, user provided answer","{""original_goal_achieved"": false, ""final_answer"": ""Conclude with current results"", ""confidence"": ""0.5"", ""reasoning_note"": ""Plan limit reached, user provided answer"", ""solution_summary"": ""Conclude with current results""}"
84,88,Test 84 - computation,Calculate 500 minus 123,500 minus 123 is 377.,[],success,2025-11-21 21:35:51,2025-11-21 21:36:03,11.751,0,,0,,"{""original_goal_achieved"": true, ""final_answer"": ""500 minus 123 is 377."", ""confidence"": ""1.0"", ""reasoning_note"": ""The user is asking for a simple calculation which I can directly provide. The query is well-defined, and no external tools or further steps are required. I can calculate the answer immediately."", ""solution_summary"": ""500 minus 123 is 377.""}"
85,89,Test 85 - computation,What is 8 times 7?,8 times 7 is 56.,[],success,2025-11-21 21:36:07,2025-11-21 21:36:18,11.423,0,,0,,"{""original_goal_achieved"": true, ""final_answer"": ""8 times 7 is 56."", ""confidence"": ""1.0"", ""reasoning_note"": ""The user is asking a simple multiplication question that can be directly answered without any tools. I can easily calculate the answer and provide it."", ""solution_summary"": ""8 times 7 is 56.""}"
86,90,Test 86 - mathematical,Calculate 15 + 27,15 + 27 is 42.,[],success,2025-11-21 21:36:22,2025-11-21 21:36:34,11.606,0,,0,,"{""original_goal_achieved"": true, ""final_answer"": ""15 + 27 is 42."", ""confidence"": ""1.0"", ""reasoning_note"": ""The user query is a simple arithmetic calculation that can be directly computed. I can calculate the sum of 15 and 27 and provide the result, thus achieving the original goal."", ""solution_summary"": ""15 + 27 is 42.""}"
87,91,Test 87 - information,What is the tallest mountain in the world?,"The tallest mountain in the world is Mauna Kea, rising about 10,203 m (33,474 ft) from the Pacific Ocean floor.","[""Step 0: Use DuckDuckGo search to find the tallest mountain in the world."", ""Step 1: Extract the name of the mountain from the search results."", ""Step 2: Confirm the answer and conclude.""]",success,2025-11-21 21:36:48,2025-11-21 21:36:56,7.997,3,raw_code_block,0,,"{""original_goal_achieved"": true, ""final_answer"": ""The tallest mountain in the world is Mauna Kea, rising about 10,203 m (33,474 ft) from the Pacific Ocean floor."", ""confidence"": ""1.0"", ""reasoning_note"": ""The search result provides the name of the tallest mountain (Mauna Kea) and its height (10,203 m). This directly answers the user's query. Further steps are not needed."", ""solution_summary"": ""The tallest mountain in the world is Mauna Kea, rising about 10,203 m (33,474 ft) from the Pacific Ocean floor.""}"
88,92,Test 88 - data_analysis,"Calculate the average of numbers: 1, 2, 3, 4, 5","The average of the numbers 1, 2, 3, 4, and 5 is 3.",[],success,2025-11-21 21:37:00,2025-11-21 21:37:13,13.002,0,,0,,"{""original_goal_achieved"": true, ""final_answer"": ""The average of the numbers 1, 2, 3, 4, and 5 is 3."", ""confidence"": ""1.0"", ""reasoning_note"": ""The user is asking for the average of a list of numbers. This is a straightforward calculation that can be done directly without using any tools."", ""solution_summary"": ""The average of the numbers 1, 2, 3, 4, and 5 is 3.""}"
89,93,Test 89 - mathematical,Calculate 20 * 4,The product of 20 and 4 is 80.,[],success,2025-11-21 21:37:17,2025-11-21 21:37:30,12.916,0,,0,,"{""original_goal_achieved"": true, ""final_answer"": ""The product of 20 and 4 is 80."", ""confidence"": ""1.0"", ""reasoning_note"": ""The user wants to calculate the product of 20 and 4. This is a simple arithmetic calculation that can be directly computed without any external tools. The answer is obvious and complete."", ""solution_summary"": ""The product of 20 and 4 is 80.""}"
90,94,Test 90 - data_analysis,Find the least common multiple of 12 and 18,The least common multiple of 12 and 18 is 36.,[],success,2025-11-21 21:37:34,2025-11-21 21:37:47,12.951,0,,0,,"{""original_goal_achieved"": true, ""final_answer"": ""The least common multiple of 12 and 18 is 36."", ""confidence"": ""1.0"", ""reasoning_note"": ""The least common multiple of 12 and 18 can be easily calculated. 12 = 2*2*3, 18 = 2*3*3. LCM = 2*2*3*3 = 36"", ""solution_summary"": ""The least common multiple of 12 and 18 is 36.""}"
91,95,Test 91 - computation,Calculate 256 divided by 16,256 divided by 16 is 16.,[],success,2025-11-21 21:38:02,2025-11-21 21:38:15,12.418,0,,0,,"{""original_goal_achieved"": true, ""final_answer"": ""256 divided by 16 is 16."", ""confidence"": ""1.0"", ""reasoning_note"": ""The user query is a straightforward calculation. I can directly provide the answer without needing any external tools."", ""solution_summary"": ""256 divided by 16 is 16.""}"
92,96,Test 92 - mathematical,What is 100 - 37?,100 - 37 is 63.,[],success,2025-11-21 21:38:19,2025-11-21 21:38:31,12.458,0,,0,,"{""original_goal_achieved"": true, ""final_answer"": ""100 - 37 is 63."", ""confidence"": ""1.0"", ""reasoning_note"": ""The query is a simple arithmetic question. The answer can be directly computed without using any external tools."", ""solution_summary"": ""100 - 37 is 63.""}"
93,97,Test 93 - mathematical,Find the square root of 49,The square root of 49 is 7.,[],success,2025-11-21 21:38:35,2025-11-21 21:38:48,12.188,0,,0,,"{""original_goal_achieved"": true, ""final_answer"": ""The square root of 49 is 7."", ""confidence"": ""1.0"", ""reasoning_note"": ""The square root of 49 is a simple mathematical calculation that can be directly answered without the need for external tools or memory retrieval, since I can directly calculate this."", ""solution_summary"": ""The square root of 49 is 7.""}"
94,98,Test 94 - property,Find the possession date for DLF Camelia project.,"The possession dates for DLF Camellias are August 2018, December 2017, and October 2017.","[""Step 0: Search for the possession date of DLF Camelia project using a search engine."", ""Step 1: Extract the possession date from the search results."", ""Step 2: Present the possession date to the user.""]",success,2025-11-21 21:39:02,2025-11-21 21:39:15,13.494,3,raw_code_block,0,,"{""original_goal_achieved"": true, ""final_answer"": ""The possession dates for DLF Camellias are August 2018, December 2017, and October 2017."", ""confidence"": ""1.0"", ""reasoning_note"": ""The search results provide multiple possession dates for DLF Camellias. The information extracted from the search results fulfills the user's query."", ""solution_summary"": ""The possession dates for DLF Camellias are August 2018, December 2017, and October 2017.""}"
95,99,Test 95 - property,What is the RERA registration number for DLF Camelia?,Conclude with current results,"[""Conclude with current results""]",failure,2025-11-21 21:39:29,2025-11-21 21:40:11,41.452,1,,0,"Plan limit reached, user provided answer","{""original_goal_achieved"": false, ""final_answer"": ""Conclude with current results"", ""confidence"": ""0.5"", ""reasoning_note"": ""Plan limit reached, user provided answer"", ""solution_summary"": ""Conclude with current results""}"
96,100,Test 96 - property,Find the builder information for DLF Camelia project.,Conclude with current results,"[""Conclude with current results""]",failure,2025-11-21 21:40:25,2025-11-21 21:40:58,32.794,1,,0,"Plan limit reached, user provided answer","{""original_goal_achieved"": false, ""final_answer"": ""Conclude with current results"", ""confidence"": ""0.5"", ""reasoning_note"": ""Plan limit reached, user provided answer"", ""solution_summary"": ""Conclude with current results""}"
97,101,Test 97 - computation,What is the square of 15?,The square of 15 is 225.,[],success,2025-11-21 21:41:02,2025-11-21 21:41:13,11.476,0,,0,,"{""original_goal_achieved"": true, ""final_answer"": ""The square of 15 is 225."", ""confidence"": ""1.0"", ""reasoning_note"": ""The square of 15 can be directly calculated. No external tools or information are needed. The agent can perform this calculation directly."", ""solution_summary"": ""The square of 15 is 225.""}"
98,102,Test 98 - mathematical,What is 100 divided by 4?,100 divided by 4 is 25.,[],success,2025-11-21 21:41:17,2025-11-21 21:41:29,11.504,0,,0,,"{""original_goal_achieved"": true, ""final_answer"": ""100 divided by 4 is 25."", ""confidence"": ""1.0"", ""reasoning_note"": ""The query is a simple calculation that can be directly answered without using any tools. The answer is 25."", ""solution_summary"": ""100 divided by 4 is 25.""}"
99,103,Test 99 - mathematical,Calculate 6 * 8,The product of 6 and 8 is 48.,[],success,2025-11-21 21:41:33,2025-11-21 21:41:44,11.558,0,,0,,"{""original_goal_achieved"": true, ""final_answer"": ""The product of 6 and 8 is 48."", ""confidence"": ""1.0"", ""reasoning_note"": ""The user query is a simple calculation. I can directly calculate the result and achieve the original goal."", ""solution_summary"": ""The product of 6 and 8 is 48.""}"
100,104,Test 100 - computation,Calculate 144 divided by 12,144 divided by 12 is 12.,[],success,2025-11-21 21:41:48,2025-11-21 21:42:00,11.434,0,,0,,"{""original_goal_achieved"": true, ""final_answer"": ""144 divided by 12 is 12."", ""confidence"": ""1.0"", ""reasoning_note"": ""The user query is a simple calculation that can be directly answered. The result of 144 divided by 12 is 12."", ""solution_summary"": ""144 divided by 12 is 12.""}"
1,105,Test 1 - Simple Math,What is 2 + 2?,Produce concise answer from available information,"[""Step 0: Fetch data"", ""Step 1: Process"", ""Step 2: Generate answer""]",success,2025-11-25 08:28:38,2025-11-25 08:28:40,1.548,3,agent_loop_v2,0,,"{""answer"": ""Produce concise answer from available information"", ""test_id"": 1}",llm_call,"{""variants_tried"": [""0A"", ""1A"", ""2A""], ""execution_path"": ""0->1->2"", ""retries"": 0}","[""0"", ""1"", ""2""]"
2,106,Test 2 - Information Query,What is the capital of France?,Produce concise answer from available information,"[""Step 0: Fetch data"", ""Step 1: Process"", ""Step 2: Generate answer""]",success,2025-11-25 08:28:40,2025-11-25 08:28:41,1.575,3,agent_loop_v2,0,,"{""answer"": ""Produce concise answer from available information"", ""test_id"": 2}",llm_call,"{""variants_tried"": [""0A"", ""1A"", ""2A""], ""execution_path"": ""0->1->2"", ""retries"": 0}","[""0"", ""1"", ""2""]"
